ARM GAS  /var/folders/0g/t37nqzqx51l7sfxbqc44l9hw0000gn/T//ccBBrdod.s 			page 1


   1              		.cpu cortex-m3
   2              		.arch armv7-m
   3              		.fpu softvfp
   4              		.eabi_attribute 20, 1
   5              		.eabi_attribute 21, 1
   6              		.eabi_attribute 23, 3
   7              		.eabi_attribute 24, 1
   8              		.eabi_attribute 25, 1
   9              		.eabi_attribute 26, 1
  10              		.eabi_attribute 30, 1
  11              		.eabi_attribute 34, 1
  12              		.eabi_attribute 18, 4
  13              		.file	"ad9518.c"
  14              		.text
  15              	.Ltext0:
  16              		.cfi_sections	.debug_frame
  17              		.file 1 "Core/Src/ad9518.c"
  18              		.section	.text.D,"ax",%progbits
  19              		.align	1
  20              		.syntax unified
  21              		.thumb
  22              		.thumb_func
  24              	D:
  25              	.LVL0:
  26              	.LFB3:
   1:Core/Src/ad9518.c **** #include "ad9518.h"
   2:Core/Src/ad9518.c **** #include <stdio.h>
   3:Core/Src/ad9518.c **** #include <stdarg.h>
   4:Core/Src/ad9518.c **** #include <stdlib.h>
   5:Core/Src/ad9518.c **** 
   6:Core/Src/ad9518.c **** /* ------------------------------------------------------------------ */
   7:Core/Src/ad9518.c **** /* debug helpers                                                       */
   8:Core/Src/ad9518.c **** /* ------------------------------------------------------------------ */
   9:Core/Src/ad9518.c **** 
  10:Core/Src/ad9518.c **** static void D(ad9518_dev_t *d, const char *s)
  11:Core/Src/ad9518.c **** {
  27              		.loc 1 11 1 view -0
  28              		.cfi_startproc
  29              		@ args = 0, pretend = 0, frame = 0
  30              		@ frame_needed = 0, uses_anonymous_args = 0
  31              		.loc 1 11 1 is_stmt 0 view .LVU1
  32 0000 08B5     		push	{r3, lr}
  33              	.LCFI0:
  34              		.cfi_def_cfa_offset 8
  35              		.cfi_offset 3, -8
  36              		.cfi_offset 14, -4
  12:Core/Src/ad9518.c ****     if (d->dbg)
  37              		.loc 1 12 5 is_stmt 1 view .LVU2
  38              		.loc 1 12 10 is_stmt 0 view .LVU3
  39 0002 036A     		ldr	r3, [r0, #32]
  40              		.loc 1 12 8 view .LVU4
  41 0004 0BB1     		cbz	r3, .L1
  13:Core/Src/ad9518.c ****         d->dbg(s);
  42              		.loc 1 13 9 is_stmt 1 view .LVU5
  43 0006 0846     		mov	r0, r1
  44              	.LVL1:
  45              		.loc 1 13 9 is_stmt 0 view .LVU6
ARM GAS  /var/folders/0g/t37nqzqx51l7sfxbqc44l9hw0000gn/T//ccBBrdod.s 			page 2


  46 0008 9847     		blx	r3
  47              	.LVL2:
  48              	.L1:
  14:Core/Src/ad9518.c **** }
  49              		.loc 1 14 1 view .LVU7
  50 000a 08BD     		pop	{r3, pc}
  51              		.cfi_endproc
  52              	.LFE3:
  54              		.section	.text.shift_out,"ax",%progbits
  55              		.align	1
  56              		.syntax unified
  57              		.thumb
  58              		.thumb_func
  60              	shift_out:
  61              	.LVL3:
  62              	.LFB5:
  15:Core/Src/ad9518.c **** 
  16:Core/Src/ad9518.c **** static void Df(ad9518_dev_t *d, const char *fmt, ...)
  17:Core/Src/ad9518.c **** {
  18:Core/Src/ad9518.c ****     if (!d->dbg)
  19:Core/Src/ad9518.c ****         return;
  20:Core/Src/ad9518.c ****     char b[144];
  21:Core/Src/ad9518.c ****     va_list ap;
  22:Core/Src/ad9518.c ****     va_start(ap, fmt);
  23:Core/Src/ad9518.c ****     vsnprintf(b, sizeof(b), fmt, ap);
  24:Core/Src/ad9518.c ****     va_end(ap);
  25:Core/Src/ad9518.c ****     d->dbg(b);
  26:Core/Src/ad9518.c **** }
  27:Core/Src/ad9518.c **** 
  28:Core/Src/ad9518.c **** /* ------------------------------------------------------------------ */
  29:Core/Src/ad9518.c **** /* bit-banged serial port                                              */
  30:Core/Src/ad9518.c **** /*                                                                     */
  31:Core/Src/ad9518.c **** /* Everything is bit-banged in both directions on purpose. Switching a */
  32:Core/Src/ad9518.c **** /* hardware SPI peripheral between transmit and receive mid-transaction */
  33:Core/Src/ad9518.c **** /* in half-duplex mode is the single most common source of AD951x       */
  34:Core/Src/ad9518.c **** /* readback failures, so the peripheral is not used at all.             */
  35:Core/Src/ad9518.c **** /*                                                                     */
  36:Core/Src/ad9518.c **** /* Format: SCLK idles low. The part latches write data on the SCLK      */
  37:Core/Src/ad9518.c **** /* rising edge and drives read data on the falling edge, so read data   */
  38:Core/Src/ad9518.c **** /* is stable while SCLK is high.                                        */
  39:Core/Src/ad9518.c **** /* ------------------------------------------------------------------ */
  40:Core/Src/ad9518.c **** 
  41:Core/Src/ad9518.c **** static void shift_out(ad9518_dev_t *d, uint8_t byte)
  42:Core/Src/ad9518.c **** {
  63              		.loc 1 42 1 is_stmt 1 view -0
  64              		.cfi_startproc
  65              		@ args = 0, pretend = 0, frame = 0
  66              		@ frame_needed = 0, uses_anonymous_args = 0
  67              		.loc 1 42 1 is_stmt 0 view .LVU9
  68 0000 70B5     		push	{r4, r5, r6, lr}
  69              	.LCFI1:
  70              		.cfi_def_cfa_offset 16
  71              		.cfi_offset 4, -16
  72              		.cfi_offset 5, -12
  73              		.cfi_offset 6, -8
  74              		.cfi_offset 14, -4
  75 0002 0446     		mov	r4, r0
ARM GAS  /var/folders/0g/t37nqzqx51l7sfxbqc44l9hw0000gn/T//ccBBrdod.s 			page 3


  76 0004 0E46     		mov	r6, r1
  43:Core/Src/ad9518.c ****     for (int bit = 7; bit >= 0; bit--)
  77              		.loc 1 43 5 is_stmt 1 view .LVU10
  78              	.LBB2:
  79              		.loc 1 43 10 view .LVU11
  80              	.LVL4:
  81              		.loc 1 43 14 is_stmt 0 view .LVU12
  82 0006 0725     		movs	r5, #7
  83              		.loc 1 43 5 view .LVU13
  84 0008 10E0     		b	.L5
  85              	.LVL5:
  86              	.L6:
  44:Core/Src/ad9518.c ****     {
  45:Core/Src/ad9518.c ****         d->sdio((byte >> bit) & 1);
  87              		.loc 1 45 9 is_stmt 1 view .LVU14
  88              		.loc 1 45 10 is_stmt 0 view .LVU15
  89 000a A368     		ldr	r3, [r4, #8]
  90              		.loc 1 45 23 view .LVU16
  91 000c 46FA05F0 		asr	r0, r6, r5
  92              		.loc 1 45 9 view .LVU17
  93 0010 00F00100 		and	r0, r0, #1
  94 0014 9847     		blx	r3
  95              	.LVL6:
  46:Core/Src/ad9518.c ****         d->bit_delay();
  96              		.loc 1 46 9 is_stmt 1 view .LVU18
  97              		.loc 1 46 10 is_stmt 0 view .LVU19
  98 0016 A369     		ldr	r3, [r4, #24]
  99              		.loc 1 46 9 view .LVU20
 100 0018 9847     		blx	r3
 101              	.LVL7:
  47:Core/Src/ad9518.c ****         d->sclk(1);
 102              		.loc 1 47 9 is_stmt 1 view .LVU21
 103              		.loc 1 47 10 is_stmt 0 view .LVU22
 104 001a 6368     		ldr	r3, [r4, #4]
 105              		.loc 1 47 9 view .LVU23
 106 001c 0120     		movs	r0, #1
 107 001e 9847     		blx	r3
 108              	.LVL8:
  48:Core/Src/ad9518.c ****         d->bit_delay();
 109              		.loc 1 48 9 is_stmt 1 view .LVU24
 110              		.loc 1 48 10 is_stmt 0 view .LVU25
 111 0020 A369     		ldr	r3, [r4, #24]
 112              		.loc 1 48 9 view .LVU26
 113 0022 9847     		blx	r3
 114              	.LVL9:
  49:Core/Src/ad9518.c ****         d->sclk(0);
 115              		.loc 1 49 9 is_stmt 1 view .LVU27
 116              		.loc 1 49 10 is_stmt 0 view .LVU28
 117 0024 6368     		ldr	r3, [r4, #4]
 118              		.loc 1 49 9 view .LVU29
 119 0026 0020     		movs	r0, #0
 120 0028 9847     		blx	r3
 121              	.LVL10:
  43:Core/Src/ad9518.c ****     {
 122              		.loc 1 43 36 is_stmt 1 discriminator 3 view .LVU30
 123 002a 013D     		subs	r5, r5, #1
 124              	.LVL11:
ARM GAS  /var/folders/0g/t37nqzqx51l7sfxbqc44l9hw0000gn/T//ccBBrdod.s 			page 4


 125              	.L5:
  43:Core/Src/ad9518.c ****     {
 126              		.loc 1 43 27 discriminator 1 view .LVU31
 127 002c 002D     		cmp	r5, #0
 128 002e ECDA     		bge	.L6
 129              	.LBE2:
  50:Core/Src/ad9518.c ****     }
  51:Core/Src/ad9518.c **** }
 130              		.loc 1 51 1 is_stmt 0 view .LVU32
 131 0030 70BD     		pop	{r4, r5, r6, pc}
 132              		.loc 1 51 1 view .LVU33
 133              		.cfi_endproc
 134              	.LFE5:
 136              		.section	.text.shift_in,"ax",%progbits
 137              		.align	1
 138              		.syntax unified
 139              		.thumb
 140              		.thumb_func
 142              	shift_in:
 143              	.LVL12:
 144              	.LFB6:
  52:Core/Src/ad9518.c **** 
  53:Core/Src/ad9518.c **** static uint8_t shift_in(ad9518_dev_t *d)
  54:Core/Src/ad9518.c **** {
 145              		.loc 1 54 1 is_stmt 1 view -0
 146              		.cfi_startproc
 147              		@ args = 0, pretend = 0, frame = 0
 148              		@ frame_needed = 0, uses_anonymous_args = 0
 149              		.loc 1 54 1 is_stmt 0 view .LVU35
 150 0000 F8B5     		push	{r3, r4, r5, r6, r7, lr}
 151              	.LCFI2:
 152              		.cfi_def_cfa_offset 24
 153              		.cfi_offset 3, -24
 154              		.cfi_offset 4, -20
 155              		.cfi_offset 5, -16
 156              		.cfi_offset 6, -12
 157              		.cfi_offset 7, -8
 158              		.cfi_offset 14, -4
 159 0002 0446     		mov	r4, r0
  55:Core/Src/ad9518.c ****     uint8_t v = 0;
 160              		.loc 1 55 5 is_stmt 1 view .LVU36
 161              	.LVL13:
  56:Core/Src/ad9518.c ****     int (*rd)(void) = (d->wire == AD9518_WIRE_4 && d->sdo_read)
 162              		.loc 1 56 5 view .LVU37
 163              		.loc 1 56 25 is_stmt 0 view .LVU38
 164 0004 90F82430 		ldrb	r3, [r0, #36]	@ zero_extendqisi2
  57:Core/Src/ad9518.c ****                           ? d->sdo_read
  58:Core/Src/ad9518.c ****                           : d->sdio_read;
 165              		.loc 1 58 27 view .LVU39
 166 0008 012B     		cmp	r3, #1
 167 000a 03D0     		beq	.L18
 168              	.L9:
 169              		.loc 1 58 27 discriminator 1 view .LVU40
 170 000c 2769     		ldr	r7, [r4, #16]
 171              	.L10:
 172              	.LVL14:
  59:Core/Src/ad9518.c **** 
ARM GAS  /var/folders/0g/t37nqzqx51l7sfxbqc44l9hw0000gn/T//ccBBrdod.s 			page 5


  60:Core/Src/ad9518.c ****     for (int bit = 7; bit >= 0; bit--)
 173              		.loc 1 60 5 is_stmt 1 view .LVU41
 174              	.LBB3:
 175              		.loc 1 60 10 view .LVU42
 176              		.loc 1 60 14 is_stmt 0 view .LVU43
 177 000e 0725     		movs	r5, #7
 178              	.LBE3:
  55:Core/Src/ad9518.c ****     int (*rd)(void) = (d->wire == AD9518_WIRE_4 && d->sdo_read)
 179              		.loc 1 55 13 view .LVU44
 180 0010 0026     		movs	r6, #0
 181              	.LBB4:
 182              		.loc 1 60 5 view .LVU45
 183 0012 1AE0     		b	.L11
 184              	.LVL15:
 185              	.L18:
 186              		.loc 1 60 5 view .LVU46
 187              	.LBE4:
  56:Core/Src/ad9518.c ****                           ? d->sdo_read
 188              		.loc 1 56 53 view .LVU47
 189 0014 4769     		ldr	r7, [r0, #20]
  56:Core/Src/ad9518.c ****                           ? d->sdo_read
 190              		.loc 1 56 49 view .LVU48
 191 0016 002F     		cmp	r7, #0
 192 0018 F9D1     		bne	.L10
 193 001a F7E7     		b	.L9
 194              	.LVL16:
 195              	.L20:
 196              	.LBB5:
  61:Core/Src/ad9518.c ****     {
  62:Core/Src/ad9518.c ****         if (d->sample == AD9518_SAMPLE_SCLK_LOW)
  63:Core/Src/ad9518.c ****         {
  64:Core/Src/ad9518.c ****             /*
  65:Core/Src/ad9518.c ****              * Sample while SCLK is still low, before driving the clock.
  66:Core/Src/ad9518.c ****              *
  67:Core/Src/ad9518.c ****              * The part presents each bit on the falling edge, so the bit is
  68:Core/Src/ad9518.c ****              * already valid here. Sampling before the pulse also means the
  69:Core/Src/ad9518.c ****              * last bit is captured while the part is still driving it -
  70:Core/Src/ad9518.c ****              * sampling after the eighth rising edge can land in the window
  71:Core/Src/ad9518.c ****              * where the part has released SDIO, which a bus pull-up then
  72:Core/Src/ad9518.c ****              * reads back as a phantom 1 in bit 0.
  73:Core/Src/ad9518.c ****              */
  74:Core/Src/ad9518.c ****             d->bit_delay();
 197              		.loc 1 74 13 is_stmt 1 view .LVU49
 198              		.loc 1 74 14 is_stmt 0 view .LVU50
 199 001c A369     		ldr	r3, [r4, #24]
 200              		.loc 1 74 13 view .LVU51
 201 001e 9847     		blx	r3
 202              	.LVL17:
  75:Core/Src/ad9518.c ****             if (rd())
 203              		.loc 1 75 13 is_stmt 1 view .LVU52
 204              		.loc 1 75 17 is_stmt 0 view .LVU53
 205 0020 B847     		blx	r7
 206              	.LVL18:
 207              		.loc 1 75 16 discriminator 1 view .LVU54
 208 0022 18B1     		cbz	r0, .L13
  76:Core/Src/ad9518.c ****                 v |= (uint8_t)(1u << bit);
 209              		.loc 1 76 17 is_stmt 1 view .LVU55
ARM GAS  /var/folders/0g/t37nqzqx51l7sfxbqc44l9hw0000gn/T//ccBBrdod.s 			page 6


 210              		.loc 1 76 35 is_stmt 0 view .LVU56
 211 0024 0123     		movs	r3, #1
 212 0026 AB40     		lsls	r3, r3, r5
 213              		.loc 1 76 22 view .LVU57
 214 0028 DBB2     		uxtb	r3, r3
 215              		.loc 1 76 19 view .LVU58
 216 002a 1E43     		orrs	r6, r6, r3
 217              	.LVL19:
 218              	.L13:
  77:Core/Src/ad9518.c ****             d->sclk(1);
 219              		.loc 1 77 13 is_stmt 1 view .LVU59
 220              		.loc 1 77 14 is_stmt 0 view .LVU60
 221 002c 6368     		ldr	r3, [r4, #4]
 222              		.loc 1 77 13 view .LVU61
 223 002e 0120     		movs	r0, #1
 224 0030 9847     		blx	r3
 225              	.LVL20:
  78:Core/Src/ad9518.c ****             d->bit_delay();
 226              		.loc 1 78 13 is_stmt 1 view .LVU62
 227              		.loc 1 78 14 is_stmt 0 view .LVU63
 228 0032 A369     		ldr	r3, [r4, #24]
 229              		.loc 1 78 13 view .LVU64
 230 0034 9847     		blx	r3
 231              	.LVL21:
  79:Core/Src/ad9518.c ****             d->sclk(0);
 232              		.loc 1 79 13 is_stmt 1 view .LVU65
 233              		.loc 1 79 14 is_stmt 0 view .LVU66
 234 0036 6368     		ldr	r3, [r4, #4]
 235              		.loc 1 79 13 view .LVU67
 236 0038 0020     		movs	r0, #0
 237 003a 9847     		blx	r3
 238              	.LVL22:
 239 003c 04E0     		b	.L14
 240              	.LVL23:
 241              	.L15:
  80:Core/Src/ad9518.c ****         }
  81:Core/Src/ad9518.c ****         else
  82:Core/Src/ad9518.c ****         {
  83:Core/Src/ad9518.c ****             d->sclk(1);
  84:Core/Src/ad9518.c ****             d->bit_delay();
  85:Core/Src/ad9518.c ****             if (rd())
  86:Core/Src/ad9518.c ****                 v |= (uint8_t)(1u << bit);
  87:Core/Src/ad9518.c ****             d->sclk(0);
 242              		.loc 1 87 13 is_stmt 1 view .LVU68
 243              		.loc 1 87 14 is_stmt 0 view .LVU69
 244 003e 6368     		ldr	r3, [r4, #4]
 245              		.loc 1 87 13 view .LVU70
 246 0040 0020     		movs	r0, #0
 247 0042 9847     		blx	r3
 248              	.LVL24:
  88:Core/Src/ad9518.c ****             d->bit_delay();
 249              		.loc 1 88 13 is_stmt 1 view .LVU71
 250              		.loc 1 88 14 is_stmt 0 view .LVU72
 251 0044 A369     		ldr	r3, [r4, #24]
 252              		.loc 1 88 13 view .LVU73
 253 0046 9847     		blx	r3
 254              	.LVL25:
ARM GAS  /var/folders/0g/t37nqzqx51l7sfxbqc44l9hw0000gn/T//ccBBrdod.s 			page 7


 255              	.L14:
  60:Core/Src/ad9518.c ****     {
 256              		.loc 1 60 36 is_stmt 1 discriminator 2 view .LVU74
 257 0048 013D     		subs	r5, r5, #1
 258              	.LVL26:
 259              	.L11:
  60:Core/Src/ad9518.c ****     {
 260              		.loc 1 60 27 discriminator 1 view .LVU75
 261 004a 002D     		cmp	r5, #0
 262 004c 10DB     		blt	.L19
  62:Core/Src/ad9518.c ****         {
 263              		.loc 1 62 9 view .LVU76
  62:Core/Src/ad9518.c ****         {
 264              		.loc 1 62 14 is_stmt 0 view .LVU77
 265 004e 94F82530 		ldrb	r3, [r4, #37]	@ zero_extendqisi2
  62:Core/Src/ad9518.c ****         {
 266              		.loc 1 62 12 view .LVU78
 267 0052 012B     		cmp	r3, #1
 268 0054 E2D0     		beq	.L20
  83:Core/Src/ad9518.c ****             d->bit_delay();
 269              		.loc 1 83 13 is_stmt 1 view .LVU79
  83:Core/Src/ad9518.c ****             d->bit_delay();
 270              		.loc 1 83 14 is_stmt 0 view .LVU80
 271 0056 6368     		ldr	r3, [r4, #4]
  83:Core/Src/ad9518.c ****             d->bit_delay();
 272              		.loc 1 83 13 view .LVU81
 273 0058 0120     		movs	r0, #1
 274 005a 9847     		blx	r3
 275              	.LVL27:
  84:Core/Src/ad9518.c ****             if (rd())
 276              		.loc 1 84 13 is_stmt 1 view .LVU82
  84:Core/Src/ad9518.c ****             if (rd())
 277              		.loc 1 84 14 is_stmt 0 view .LVU83
 278 005c A369     		ldr	r3, [r4, #24]
  84:Core/Src/ad9518.c ****             if (rd())
 279              		.loc 1 84 13 view .LVU84
 280 005e 9847     		blx	r3
 281              	.LVL28:
  85:Core/Src/ad9518.c ****                 v |= (uint8_t)(1u << bit);
 282              		.loc 1 85 13 is_stmt 1 view .LVU85
  85:Core/Src/ad9518.c ****                 v |= (uint8_t)(1u << bit);
 283              		.loc 1 85 17 is_stmt 0 view .LVU86
 284 0060 B847     		blx	r7
 285              	.LVL29:
  85:Core/Src/ad9518.c ****                 v |= (uint8_t)(1u << bit);
 286              		.loc 1 85 16 discriminator 1 view .LVU87
 287 0062 0028     		cmp	r0, #0
 288 0064 EBD0     		beq	.L15
  86:Core/Src/ad9518.c ****             d->sclk(0);
 289              		.loc 1 86 17 is_stmt 1 view .LVU88
  86:Core/Src/ad9518.c ****             d->sclk(0);
 290              		.loc 1 86 35 is_stmt 0 view .LVU89
 291 0066 0123     		movs	r3, #1
 292 0068 AB40     		lsls	r3, r3, r5
  86:Core/Src/ad9518.c ****             d->sclk(0);
 293              		.loc 1 86 22 view .LVU90
 294 006a DBB2     		uxtb	r3, r3
ARM GAS  /var/folders/0g/t37nqzqx51l7sfxbqc44l9hw0000gn/T//ccBBrdod.s 			page 8


  86:Core/Src/ad9518.c ****             d->sclk(0);
 295              		.loc 1 86 19 view .LVU91
 296 006c 1E43     		orrs	r6, r6, r3
 297              	.LVL30:
  86:Core/Src/ad9518.c ****             d->sclk(0);
 298              		.loc 1 86 19 view .LVU92
 299 006e E6E7     		b	.L15
 300              	.LVL31:
 301              	.L19:
  86:Core/Src/ad9518.c ****             d->sclk(0);
 302              		.loc 1 86 19 view .LVU93
 303              	.LBE5:
  89:Core/Src/ad9518.c ****         }
  90:Core/Src/ad9518.c ****     }
  91:Core/Src/ad9518.c ****     return v;
 304              		.loc 1 91 5 is_stmt 1 view .LVU94
  92:Core/Src/ad9518.c **** }
 305              		.loc 1 92 1 is_stmt 0 view .LVU95
 306 0070 3046     		mov	r0, r6
 307 0072 F8BD     		pop	{r3, r4, r5, r6, r7, pc}
 308              		.loc 1 92 1 view .LVU96
 309              		.cfi_endproc
 310              	.LFE6:
 312              		.section	.text.shift_instr,"ax",%progbits
 313              		.align	1
 314              		.syntax unified
 315              		.thumb
 316              		.thumb_func
 318              	shift_instr:
 319              	.LVL32:
 320              	.LFB7:
  93:Core/Src/ad9518.c **** 
  94:Core/Src/ad9518.c **** /* Shift out the instruction word in whichever format is currently selected.
  95:Core/Src/ad9518.c ****  * Short form is 1 byte: R/W in bit 7, 7-bit address in bits 6:0.
  96:Core/Src/ad9518.c ****  * Long form is 2 bytes: R/W in bit 15, byte count in 14:13, address in 11:0. */
  97:Core/Src/ad9518.c **** static void shift_instr(ad9518_dev_t *d, uint16_t reg, int is_read)
  98:Core/Src/ad9518.c **** {
 321              		.loc 1 98 1 is_stmt 1 view -0
 322              		.cfi_startproc
 323              		@ args = 0, pretend = 0, frame = 0
 324              		@ frame_needed = 0, uses_anonymous_args = 0
 325              		.loc 1 98 1 is_stmt 0 view .LVU98
 326 0000 38B5     		push	{r3, r4, r5, lr}
 327              	.LCFI3:
 328              		.cfi_def_cfa_offset 16
 329              		.cfi_offset 3, -16
 330              		.cfi_offset 4, -12
 331              		.cfi_offset 5, -8
 332              		.cfi_offset 14, -4
 333 0002 0546     		mov	r5, r0
  99:Core/Src/ad9518.c ****     if (d->instr == AD9518_INSTR_SHORT)
 334              		.loc 1 99 5 is_stmt 1 view .LVU99
 335              		.loc 1 99 10 is_stmt 0 view .LVU100
 336 0004 90F82630 		ldrb	r3, [r0, #38]	@ zero_extendqisi2
 337              		.loc 1 99 8 view .LVU101
 338 0008 012B     		cmp	r3, #1
 339 000a 0FD0     		beq	.L29
ARM GAS  /var/folders/0g/t37nqzqx51l7sfxbqc44l9hw0000gn/T//ccBBrdod.s 			page 9


 340              	.LBB6:
 100:Core/Src/ad9518.c ****     {
 101:Core/Src/ad9518.c ****         uint8_t b = (uint8_t)((is_read ? 0x80u : 0x00u) | (reg & 0x7Fu));
 102:Core/Src/ad9518.c ****         shift_out(d, b);
 103:Core/Src/ad9518.c ****     }
 104:Core/Src/ad9518.c ****     else
 105:Core/Src/ad9518.c ****     {
 106:Core/Src/ad9518.c ****         uint16_t cmd = (is_read ? AD9518_INSTR_READ : AD9518_INSTR_WRITE) | AD9518_INSTR_CNT(1) | A
 341              		.loc 1 106 9 is_stmt 1 view .LVU102
 342              		.loc 1 106 97 is_stmt 0 view .LVU103
 343 000c CAB1     		cbz	r2, .L27
 344              		.loc 1 106 97 discriminator 1 view .LVU104
 345 000e 4FF40043 		mov	r3, #32768
 346              	.L25:
 347              		.loc 1 106 99 discriminator 4 view .LVU105
 348 0012 C1F30B01 		ubfx	r1, r1, #0, #12
 349              	.LVL33:
 350              		.loc 1 106 18 discriminator 4 view .LVU106
 351 0016 41EA0304 		orr	r4, r1, r3
 352              	.LVL34:
 107:Core/Src/ad9518.c ****         shift_out(d, (uint8_t)(cmd >> 8));
 353              		.loc 1 107 9 is_stmt 1 view .LVU107
 354 001a 210A     		lsrs	r1, r4, #8
 355 001c 2846     		mov	r0, r5
 356              	.LVL35:
 357              		.loc 1 107 9 is_stmt 0 view .LVU108
 358 001e FFF7FEFF 		bl	shift_out
 359              	.LVL36:
 108:Core/Src/ad9518.c ****         shift_out(d, (uint8_t)(cmd & 0xFF));
 360              		.loc 1 108 9 is_stmt 1 view .LVU109
 361 0022 E1B2     		uxtb	r1, r4
 362 0024 2846     		mov	r0, r5
 363 0026 FFF7FEFF 		bl	shift_out
 364              	.LVL37:
 365              	.L21:
 366              		.loc 1 108 9 is_stmt 0 view .LVU110
 367              	.LBE6:
 109:Core/Src/ad9518.c ****     }
 110:Core/Src/ad9518.c **** }
 368              		.loc 1 110 1 view .LVU111
 369 002a 38BD     		pop	{r3, r4, r5, pc}
 370              	.LVL38:
 371              	.L29:
 372              	.LBB7:
 101:Core/Src/ad9518.c ****         shift_out(d, b);
 373              		.loc 1 101 9 is_stmt 1 view .LVU112
 101:Core/Src/ad9518.c ****         shift_out(d, b);
 374              		.loc 1 101 21 is_stmt 0 view .LVU113
 375 002c 3AB1     		cbz	r2, .L26
 101:Core/Src/ad9518.c ****         shift_out(d, b);
 376              		.loc 1 101 21 discriminator 1 view .LVU114
 377 002e 8023     		movs	r3, #128
 378              	.L23:
 101:Core/Src/ad9518.c ****         shift_out(d, b);
 379              		.loc 1 101 64 discriminator 4 view .LVU115
 380 0030 01F07F01 		and	r1, r1, #127
 381              	.LVL39:
ARM GAS  /var/folders/0g/t37nqzqx51l7sfxbqc44l9hw0000gn/T//ccBBrdod.s 			page 10


 102:Core/Src/ad9518.c ****     }
 382              		.loc 1 102 9 is_stmt 1 view .LVU116
 383 0034 1943     		orrs	r1, r1, r3
 384              	.LVL40:
 102:Core/Src/ad9518.c ****     }
 385              		.loc 1 102 9 is_stmt 0 view .LVU117
 386 0036 2846     		mov	r0, r5
 387              	.LVL41:
 102:Core/Src/ad9518.c ****     }
 388              		.loc 1 102 9 view .LVU118
 389 0038 FFF7FEFF 		bl	shift_out
 390              	.LVL42:
 102:Core/Src/ad9518.c ****     }
 391              		.loc 1 102 9 view .LVU119
 392              	.LBE7:
 393 003c F5E7     		b	.L21
 394              	.LVL43:
 395              	.L26:
 396              	.LBB8:
 101:Core/Src/ad9518.c ****         shift_out(d, b);
 397              		.loc 1 101 21 discriminator 2 view .LVU120
 398 003e 0023     		movs	r3, #0
 399 0040 F6E7     		b	.L23
 400              	.L27:
 401              	.LBE8:
 402              	.LBB9:
 106:Core/Src/ad9518.c ****         shift_out(d, (uint8_t)(cmd >> 8));
 403              		.loc 1 106 97 discriminator 2 view .LVU121
 404 0042 0023     		movs	r3, #0
 405 0044 E5E7     		b	.L25
 406              	.LBE9:
 407              		.cfi_endproc
 408              	.LFE7:
 410              		.section	.text.read_parked,"ax",%progbits
 411              		.align	1
 412              		.syntax unified
 413              		.thumb
 414              		.thumb_func
 416              	read_parked:
 417              	.LVL44:
 418              	.LFB9:
 111:Core/Src/ad9518.c **** 
 112:Core/Src/ad9518.c **** int ad9518_write(ad9518_dev_t *d, uint16_t reg, uint8_t val)
 113:Core/Src/ad9518.c **** {
 114:Core/Src/ad9518.c ****     d->sdio_dir(1);
 115:Core/Src/ad9518.c ****     d->sclk(0);
 116:Core/Src/ad9518.c ****     d->cs(0);
 117:Core/Src/ad9518.c ****     d->bit_delay();
 118:Core/Src/ad9518.c **** 
 119:Core/Src/ad9518.c ****     shift_instr(d, reg, 0);
 120:Core/Src/ad9518.c ****     shift_out(d, val);
 121:Core/Src/ad9518.c **** 
 122:Core/Src/ad9518.c ****     d->bit_delay();
 123:Core/Src/ad9518.c ****     d->cs(1);
 124:Core/Src/ad9518.c ****     d->bit_delay();
 125:Core/Src/ad9518.c ****     return 0;
 126:Core/Src/ad9518.c **** }
ARM GAS  /var/folders/0g/t37nqzqx51l7sfxbqc44l9hw0000gn/T//ccBBrdod.s 			page 11


 127:Core/Src/ad9518.c **** 
 128:Core/Src/ad9518.c **** /* Internal read with control over what level SDIO is parked at just before
 129:Core/Src/ad9518.c ****  * the master releases the line. Used by the bus diagnosis below: if the
 130:Core/Src/ad9518.c ****  * byte read back tracks the parked level, nothing is driving the line. */
 131:Core/Src/ad9518.c **** static int read_parked(ad9518_dev_t *d, uint16_t reg, uint8_t *val, int park)
 132:Core/Src/ad9518.c **** {
 419              		.loc 1 132 1 is_stmt 1 view -0
 420              		.cfi_startproc
 421              		@ args = 0, pretend = 0, frame = 0
 422              		@ frame_needed = 0, uses_anonymous_args = 0
 423              		.loc 1 132 1 is_stmt 0 view .LVU123
 424 0000 F8B5     		push	{r3, r4, r5, r6, r7, lr}
 425              	.LCFI4:
 426              		.cfi_def_cfa_offset 24
 427              		.cfi_offset 3, -24
 428              		.cfi_offset 4, -20
 429              		.cfi_offset 5, -16
 430              		.cfi_offset 6, -12
 431              		.cfi_offset 7, -8
 432              		.cfi_offset 14, -4
 433 0002 0446     		mov	r4, r0
 434 0004 0F46     		mov	r7, r1
 435 0006 1646     		mov	r6, r2
 436 0008 1D46     		mov	r5, r3
 133:Core/Src/ad9518.c ****     d->sdio_dir(1);
 437              		.loc 1 133 5 is_stmt 1 view .LVU124
 438              		.loc 1 133 6 is_stmt 0 view .LVU125
 439 000a C368     		ldr	r3, [r0, #12]
 440              	.LVL45:
 441              		.loc 1 133 5 view .LVU126
 442 000c 0120     		movs	r0, #1
 443              	.LVL46:
 444              		.loc 1 133 5 view .LVU127
 445 000e 9847     		blx	r3
 446              	.LVL47:
 134:Core/Src/ad9518.c ****     d->sclk(0);
 447              		.loc 1 134 5 is_stmt 1 view .LVU128
 448              		.loc 1 134 6 is_stmt 0 view .LVU129
 449 0010 6368     		ldr	r3, [r4, #4]
 450              		.loc 1 134 5 view .LVU130
 451 0012 0020     		movs	r0, #0
 452 0014 9847     		blx	r3
 453              	.LVL48:
 135:Core/Src/ad9518.c ****     d->cs(0);
 454              		.loc 1 135 5 is_stmt 1 view .LVU131
 455              		.loc 1 135 6 is_stmt 0 view .LVU132
 456 0016 2368     		ldr	r3, [r4]
 457              		.loc 1 135 5 view .LVU133
 458 0018 0020     		movs	r0, #0
 459 001a 9847     		blx	r3
 460              	.LVL49:
 136:Core/Src/ad9518.c ****     d->bit_delay();
 461              		.loc 1 136 5 is_stmt 1 view .LVU134
 462              		.loc 1 136 6 is_stmt 0 view .LVU135
 463 001c A369     		ldr	r3, [r4, #24]
 464              		.loc 1 136 5 view .LVU136
 465 001e 9847     		blx	r3
ARM GAS  /var/folders/0g/t37nqzqx51l7sfxbqc44l9hw0000gn/T//ccBBrdod.s 			page 12


 466              	.LVL50:
 137:Core/Src/ad9518.c **** 
 138:Core/Src/ad9518.c ****     shift_instr(d, reg, 1);
 467              		.loc 1 138 5 is_stmt 1 view .LVU137
 468 0020 0122     		movs	r2, #1
 469 0022 3946     		mov	r1, r7
 470 0024 2046     		mov	r0, r4
 471 0026 FFF7FEFF 		bl	shift_instr
 472              	.LVL51:
 139:Core/Src/ad9518.c **** 
 140:Core/Src/ad9518.c ****     /* Park SDIO at a known level, then release it. */
 141:Core/Src/ad9518.c ****     if (park >= 0)
 473              		.loc 1 141 5 view .LVU138
 474              		.loc 1 141 8 is_stmt 0 view .LVU139
 475 002a 002D     		cmp	r5, #0
 476 002c 04DB     		blt	.L31
 142:Core/Src/ad9518.c ****     {
 143:Core/Src/ad9518.c ****         d->sdio(park);
 477              		.loc 1 143 9 is_stmt 1 view .LVU140
 478              		.loc 1 143 10 is_stmt 0 view .LVU141
 479 002e A368     		ldr	r3, [r4, #8]
 480              		.loc 1 143 9 view .LVU142
 481 0030 2846     		mov	r0, r5
 482 0032 9847     		blx	r3
 483              	.LVL52:
 144:Core/Src/ad9518.c ****         d->bit_delay();
 484              		.loc 1 144 9 is_stmt 1 view .LVU143
 485              		.loc 1 144 10 is_stmt 0 view .LVU144
 486 0034 A369     		ldr	r3, [r4, #24]
 487              		.loc 1 144 9 view .LVU145
 488 0036 9847     		blx	r3
 489              	.LVL53:
 490              	.L31:
 145:Core/Src/ad9518.c ****     }
 146:Core/Src/ad9518.c **** 
 147:Core/Src/ad9518.c ****     if (d->wire == AD9518_WIRE_3)
 491              		.loc 1 147 5 is_stmt 1 view .LVU146
 492              		.loc 1 147 10 is_stmt 0 view .LVU147
 493 0038 94F82430 		ldrb	r3, [r4, #36]	@ zero_extendqisi2
 494              		.loc 1 147 8 view .LVU148
 495 003c 13B9     		cbnz	r3, .L32
 148:Core/Src/ad9518.c ****         d->sdio_dir(0);
 496              		.loc 1 148 9 is_stmt 1 view .LVU149
 497              		.loc 1 148 10 is_stmt 0 view .LVU150
 498 003e E368     		ldr	r3, [r4, #12]
 499              		.loc 1 148 9 view .LVU151
 500 0040 0020     		movs	r0, #0
 501 0042 9847     		blx	r3
 502              	.LVL54:
 503              	.L32:
 149:Core/Src/ad9518.c ****     d->bit_delay();
 504              		.loc 1 149 5 is_stmt 1 view .LVU152
 505              		.loc 1 149 6 is_stmt 0 view .LVU153
 506 0044 A369     		ldr	r3, [r4, #24]
 507              		.loc 1 149 5 view .LVU154
 508 0046 9847     		blx	r3
 509              	.LVL55:
ARM GAS  /var/folders/0g/t37nqzqx51l7sfxbqc44l9hw0000gn/T//ccBBrdod.s 			page 13


 150:Core/Src/ad9518.c ****     d->bit_delay();
 510              		.loc 1 150 5 is_stmt 1 view .LVU155
 511              		.loc 1 150 6 is_stmt 0 view .LVU156
 512 0048 A369     		ldr	r3, [r4, #24]
 513              		.loc 1 150 5 view .LVU157
 514 004a 9847     		blx	r3
 515              	.LVL56:
 151:Core/Src/ad9518.c **** 
 152:Core/Src/ad9518.c ****     *val = shift_in(d);
 516              		.loc 1 152 5 is_stmt 1 view .LVU158
 517              		.loc 1 152 12 is_stmt 0 view .LVU159
 518 004c 2046     		mov	r0, r4
 519 004e FFF7FEFF 		bl	shift_in
 520              	.LVL57:
 521              		.loc 1 152 10 discriminator 1 view .LVU160
 522 0052 3070     		strb	r0, [r6]
 153:Core/Src/ad9518.c **** 
 154:Core/Src/ad9518.c ****     d->cs(1);
 523              		.loc 1 154 5 is_stmt 1 view .LVU161
 524              		.loc 1 154 6 is_stmt 0 view .LVU162
 525 0054 2368     		ldr	r3, [r4]
 526              		.loc 1 154 5 view .LVU163
 527 0056 0120     		movs	r0, #1
 528 0058 9847     		blx	r3
 529              	.LVL58:
 155:Core/Src/ad9518.c ****     d->sdio_dir(1);
 530              		.loc 1 155 5 is_stmt 1 view .LVU164
 531              		.loc 1 155 6 is_stmt 0 view .LVU165
 532 005a E368     		ldr	r3, [r4, #12]
 533              		.loc 1 155 5 view .LVU166
 534 005c 0120     		movs	r0, #1
 535 005e 9847     		blx	r3
 536              	.LVL59:
 156:Core/Src/ad9518.c ****     d->bit_delay();
 537              		.loc 1 156 5 is_stmt 1 view .LVU167
 538              		.loc 1 156 6 is_stmt 0 view .LVU168
 539 0060 A369     		ldr	r3, [r4, #24]
 540              		.loc 1 156 5 view .LVU169
 541 0062 9847     		blx	r3
 542              	.LVL60:
 157:Core/Src/ad9518.c ****     return 0;
 543              		.loc 1 157 5 is_stmt 1 view .LVU170
 158:Core/Src/ad9518.c **** }
 544              		.loc 1 158 1 is_stmt 0 view .LVU171
 545 0064 0020     		movs	r0, #0
 546 0066 F8BD     		pop	{r3, r4, r5, r6, r7, pc}
 547              		.loc 1 158 1 view .LVU172
 548              		.cfi_endproc
 549              	.LFE9:
 551              		.section	.text.div_hi_lo,"ax",%progbits
 552              		.align	1
 553              		.syntax unified
 554              		.thumb
 555              		.thumb_func
 557              	div_hi_lo:
 558              	.LVL61:
 559              	.LFB19:
ARM GAS  /var/folders/0g/t37nqzqx51l7sfxbqc44l9hw0000gn/T//ccBBrdod.s 			page 14


 159:Core/Src/ad9518.c **** 
 160:Core/Src/ad9518.c **** int ad9518_read(ad9518_dev_t *d, uint16_t reg, uint8_t *val)
 161:Core/Src/ad9518.c **** {
 162:Core/Src/ad9518.c ****     return read_parked(d, reg, val, -1);
 163:Core/Src/ad9518.c **** }
 164:Core/Src/ad9518.c **** 
 165:Core/Src/ad9518.c **** int ad9518_transfer(ad9518_dev_t *d)
 166:Core/Src/ad9518.c **** {
 167:Core/Src/ad9518.c ****     return ad9518_write(d, AD9518_TRANSFER, AD9518_TRANSFER_NOW);
 168:Core/Src/ad9518.c **** }
 169:Core/Src/ad9518.c **** 
 170:Core/Src/ad9518.c **** /* ------------------------------------------------------------------ */
 171:Core/Src/ad9518.c **** /* identification and bus validation                                   */
 172:Core/Src/ad9518.c **** /* ------------------------------------------------------------------ */
 173:Core/Src/ad9518.c **** 
 174:Core/Src/ad9518.c **** int ad9518_part_id_valid(uint8_t id)
 175:Core/Src/ad9518.c **** {
 176:Core/Src/ad9518.c ****     switch (id)
 177:Core/Src/ad9518.c ****     {
 178:Core/Src/ad9518.c ****     /* AD9518 grades */
 179:Core/Src/ad9518.c ****     case 0x21:
 180:Core/Src/ad9518.c ****     case 0x61:
 181:Core/Src/ad9518.c ****     case 0xA1:
 182:Core/Src/ad9518.c ****     case 0x63:
 183:Core/Src/ad9518.c ****     case 0xE3:
 184:Core/Src/ad9518.c ****     /* AD9516 grades, in case the board is populated with a sibling part */
 185:Core/Src/ad9518.c ****     case 0x01:
 186:Core/Src/ad9518.c ****     case 0x41:
 187:Core/Src/ad9518.c ****     case 0x81:
 188:Core/Src/ad9518.c ****     case 0x43:
 189:Core/Src/ad9518.c ****     case 0xC3:
 190:Core/Src/ad9518.c ****     /* AD9517 grades */
 191:Core/Src/ad9518.c ****     case 0x11:
 192:Core/Src/ad9518.c ****     case 0x51:
 193:Core/Src/ad9518.c ****     case 0x91:
 194:Core/Src/ad9518.c ****     case 0x53:
 195:Core/Src/ad9518.c ****     case 0xD3:
 196:Core/Src/ad9518.c ****         return 1;
 197:Core/Src/ad9518.c ****     default:
 198:Core/Src/ad9518.c ****         return 0;
 199:Core/Src/ad9518.c ****     }
 200:Core/Src/ad9518.c **** }
 201:Core/Src/ad9518.c **** 
 202:Core/Src/ad9518.c **** int ad9518_soft_reset(ad9518_dev_t *d)
 203:Core/Src/ad9518.c **** {
 204:Core/Src/ad9518.c ****     /* In 3-wire the dedicated SDO pin must stay disabled so that readback
 205:Core/Src/ad9518.c ****      * comes back on SDIO. In 4-wire, SDO_ACTIVE enables the output pin.
 206:Core/Src/ad9518.c ****      * This mirrors the Linux driver's handling of SPI_3WIRE. */
 207:Core/Src/ad9518.c ****     uint8_t conf = AD9518_LONG_INSTR;
 208:Core/Src/ad9518.c ****     if (d->wire == AD9518_WIRE_4)
 209:Core/Src/ad9518.c ****         conf |= AD9518_SDO_ACTIVE;
 210:Core/Src/ad9518.c **** 
 211:Core/Src/ad9518.c ****     ad9518_write(d, AD9518_SERCONF, (uint8_t)(conf | AD9518_SOFT_RESET));
 212:Core/Src/ad9518.c ****     d->delay_ms(2);
 213:Core/Src/ad9518.c ****     ad9518_write(d, AD9518_SERCONF, conf);
 214:Core/Src/ad9518.c ****     d->delay_ms(2);
 215:Core/Src/ad9518.c **** 
ARM GAS  /var/folders/0g/t37nqzqx51l7sfxbqc44l9hw0000gn/T//ccBBrdod.s 			page 15


 216:Core/Src/ad9518.c ****     /* Read back the active registers rather than the write buffer, so a
 217:Core/Src/ad9518.c ****      * verify after TRANSFER reflects what the part is really using. */
 218:Core/Src/ad9518.c ****     ad9518_write(d, AD9518_RB_CTL, AD9518_RB_READ_ACTIVE);
 219:Core/Src/ad9518.c ****     return 0;
 220:Core/Src/ad9518.c **** }
 221:Core/Src/ad9518.c **** 
 222:Core/Src/ad9518.c **** int ad9518_part_id(ad9518_dev_t *d, uint8_t *id)
 223:Core/Src/ad9518.c **** {
 224:Core/Src/ad9518.c ****     return ad9518_read(d, AD9518_PARTID, id);
 225:Core/Src/ad9518.c **** }
 226:Core/Src/ad9518.c **** 
 227:Core/Src/ad9518.c **** int ad9518_bus_autoprobe(ad9518_dev_t *d)
 228:Core/Src/ad9518.c **** {
 229:Core/Src/ad9518.c ****     static const char *wire_name[2] = {"3-wire", "4-wire"};
 230:Core/Src/ad9518.c ****     static const char *sample_name[2] = {"SCLK high", "SCLK low "};
 231:Core/Src/ad9518.c ****     static const char *instr_name[2] = {"long instr ", "short instr"};
 232:Core/Src/ad9518.c **** 
 233:Core/Src/ad9518.c ****     D(d, "[autoprobe] sweeping bus configurations\r\n");
 234:Core/Src/ad9518.c **** 
 235:Core/Src/ad9518.c ****     for (int in = 0; in < 2; in++)
 236:Core/Src/ad9518.c ****     {
 237:Core/Src/ad9518.c ****         for (int w = 0; w < 2; w++)
 238:Core/Src/ad9518.c ****         {
 239:Core/Src/ad9518.c ****             if (w == AD9518_WIRE_4 && d->sdo_read == 0)
 240:Core/Src/ad9518.c ****                 continue;
 241:Core/Src/ad9518.c **** 
 242:Core/Src/ad9518.c ****             for (int s = 0; s < 2; s++)
 243:Core/Src/ad9518.c ****             {
 244:Core/Src/ad9518.c ****                 d->instr = (ad9518_instr_t)in;
 245:Core/Src/ad9518.c ****                 d->wire = (ad9518_wire_t)w;
 246:Core/Src/ad9518.c ****                 d->sample = (ad9518_sample_t)s;
 247:Core/Src/ad9518.c **** 
 248:Core/Src/ad9518.c ****                 ad9518_soft_reset(d);
 249:Core/Src/ad9518.c **** 
 250:Core/Src/ad9518.c ****                 uint8_t id = 0;
 251:Core/Src/ad9518.c ****                 ad9518_part_id(d, &id);
 252:Core/Src/ad9518.c **** 
 253:Core/Src/ad9518.c ****                 Df(d, "  %s / %s / sample %s -> PARTID 0x%02X %s\r\n",
 254:Core/Src/ad9518.c ****                    instr_name[in], wire_name[w], sample_name[s], id,
 255:Core/Src/ad9518.c ****                    ad9518_part_id_valid(id) ? "<== VALID" : "");
 256:Core/Src/ad9518.c **** 
 257:Core/Src/ad9518.c ****                 if (ad9518_part_id_valid(id))
 258:Core/Src/ad9518.c ****                 {
 259:Core/Src/ad9518.c ****                     Df(d, "[autoprobe] using %s, %s, sample %s\r\n",
 260:Core/Src/ad9518.c ****                        instr_name[in], wire_name[w], sample_name[s]);
 261:Core/Src/ad9518.c ****                     return 0;
 262:Core/Src/ad9518.c ****                 }
 263:Core/Src/ad9518.c ****             }
 264:Core/Src/ad9518.c ****         }
 265:Core/Src/ad9518.c ****     }
 266:Core/Src/ad9518.c **** 
 267:Core/Src/ad9518.c ****     D(d, "[autoprobe] no working configuration found\r\n");
 268:Core/Src/ad9518.c ****     return -1;
 269:Core/Src/ad9518.c **** }
 270:Core/Src/ad9518.c **** 
 271:Core/Src/ad9518.c **** /*
 272:Core/Src/ad9518.c ****  * Decide whether anything is actually driving SDIO during the read phase.
ARM GAS  /var/folders/0g/t37nqzqx51l7sfxbqc44l9hw0000gn/T//ccBBrdod.s 			page 16


 273:Core/Src/ad9518.c ****  *
 274:Core/Src/ad9518.c ****  * The same register is read twice, once with the master parking SDIO low
 275:Core/Src/ad9518.c ****  * just before releasing it and once parking it high. If the byte read back
 276:Core/Src/ad9518.c ****  * follows the parked level, the line is floating and holding residual
 277:Core/Src/ad9518.c ****  * charge: the part is not responding. If both reads agree with each other
 278:Core/Src/ad9518.c ****  * and ignore the parked level, something really is driving the line, and
 279:Core/Src/ad9518.c ****  * the problem is sampling or protocol rather than a silent part.
 280:Core/Src/ad9518.c ****  */
 281:Core/Src/ad9518.c **** void ad9518_bus_diagnose(ad9518_dev_t *d)
 282:Core/Src/ad9518.c **** {
 283:Core/Src/ad9518.c ****     uint8_t lo = 0, hi = 0;
 284:Core/Src/ad9518.c **** 
 285:Core/Src/ad9518.c ****     D(d, "[diagnose] SDIO drive test\r\n");
 286:Core/Src/ad9518.c **** 
 287:Core/Src/ad9518.c ****     /* First: can the master itself control the line? This catches a short
 288:Core/Src/ad9518.c ****      * to a supply rail or ground, which would make everything else moot. */
 289:Core/Src/ad9518.c ****     d->sdio_dir(1);
 290:Core/Src/ad9518.c ****     d->sdio(1);
 291:Core/Src/ad9518.c ****     d->bit_delay();
 292:Core/Src/ad9518.c ****     int reads_high = d->sdio_read();
 293:Core/Src/ad9518.c ****     d->sdio(0);
 294:Core/Src/ad9518.c ****     d->bit_delay();
 295:Core/Src/ad9518.c ****     int reads_low = d->sdio_read();
 296:Core/Src/ad9518.c ****     d->sdio_dir(1);
 297:Core/Src/ad9518.c **** 
 298:Core/Src/ad9518.c ****     if (!reads_high || reads_low)
 299:Core/Src/ad9518.c ****     {
 300:Core/Src/ad9518.c ****         Df(d, "  MCU drives high -> reads %d, drives low -> reads %d\r\n",
 301:Core/Src/ad9518.c ****            reads_high, reads_low);
 302:Core/Src/ad9518.c ****         D(d, "  SDIO does not follow the master. The net is shorted or\r\n");
 303:Core/Src/ad9518.c ****         D(d, "  loaded by something else. Fix this before anything else.\r\n");
 304:Core/Src/ad9518.c ****         return;
 305:Core/Src/ad9518.c ****     }
 306:Core/Src/ad9518.c ****     D(d, "  SDIO follows the master when driven: net is not shorted\r\n");
 307:Core/Src/ad9518.c **** 
 308:Core/Src/ad9518.c ****     read_parked(d, AD9518_PARTID, &lo, 0);
 309:Core/Src/ad9518.c ****     read_parked(d, AD9518_PARTID, &hi, 1);
 310:Core/Src/ad9518.c **** 
 311:Core/Src/ad9518.c ****     Df(d, "  read with SDIO parked low  -> 0x%02X\r\n", lo);
 312:Core/Src/ad9518.c ****     Df(d, "  read with SDIO parked high -> 0x%02X\r\n", hi);
 313:Core/Src/ad9518.c **** 
 314:Core/Src/ad9518.c ****     if (lo == 0x00 && hi == 0xFF)
 315:Core/Src/ad9518.c ****     {
 316:Core/Src/ad9518.c ****         D(d, "  Result tracks the parked level exactly.\r\n");
 317:Core/Src/ad9518.c ****         D(d, "  The line is FLOATING during the read phase - the AD9518 is\r\n");
 318:Core/Src/ad9518.c ****         D(d, "  not driving it. This is not a sampling or timing problem.\r\n");
 319:Core/Src/ad9518.c ****         D(d, "  Likely causes, in order:\r\n");
 320:Core/Src/ad9518.c ****         D(d, "    1. A RESET or power-down pin on the part is asserted.\r\n");
 321:Core/Src/ad9518.c ****         D(d, "    2. CS is not reaching the part's CS pin (check the net,\r\n");
 322:Core/Src/ad9518.c ****         D(d, "       not just the MCU pin).\r\n");
 323:Core/Src/ad9518.c ****         D(d, "    3. Supplies missing or out of tolerance at the part.\r\n");
 324:Core/Src/ad9518.c ****         D(d, "    4. SDIO open circuit between the part and the MCU.\r\n");
 325:Core/Src/ad9518.c ****     }
 326:Core/Src/ad9518.c ****     else if (lo == hi && lo == 0xFF)
 327:Core/Src/ad9518.c ****     {
 328:Core/Src/ad9518.c ****         D(d, "  Both reads return 0xFF regardless of the parked level.\r\n");
 329:Core/Src/ad9518.c ****         D(d, "  The net is being pulled high - either by a pull-up resistor\r\n");
ARM GAS  /var/folders/0g/t37nqzqx51l7sfxbqc44l9hw0000gn/T//ccBBrdod.s 			page 17


 330:Core/Src/ad9518.c ****         D(d, "  on the board or by an active driver. These look identical\r\n");
 331:Core/Src/ad9518.c ****         D(d, "  from here, but note that if the AD9518 were driving, PARTID\r\n");
 332:Core/Src/ad9518.c ****         D(d, "  would be a real value rather than all ones. So the most\r\n");
 333:Core/Src/ad9518.c ****         D(d, "  likely reading is: a pull-up holds the line and the part is\r\n");
 334:Core/Src/ad9518.c ****         D(d, "  still silent. Check for a RESET or power-down pin that is\r\n");
 335:Core/Src/ad9518.c ****         D(d, "  asserted, and CS continuity at the part's own pin.\r\n");
 336:Core/Src/ad9518.c ****     }
 337:Core/Src/ad9518.c ****     else if (lo == hi)
 338:Core/Src/ad9518.c ****     {
 339:Core/Src/ad9518.c ****         Df(d, "  Both reads agree (0x%02X) and ignore the parked level.\r\n", lo);
 340:Core/Src/ad9518.c ****         D(d, "  Something is actively driving the line with real data, so\r\n");
 341:Core/Src/ad9518.c ****         D(d, "  the part is responding. Suspect sample phase, bit order or\r\n");
 342:Core/Src/ad9518.c ****         D(d, "  instruction framing rather than wiring.\r\n");
 343:Core/Src/ad9518.c ****     }
 344:Core/Src/ad9518.c ****     else
 345:Core/Src/ad9518.c ****     {
 346:Core/Src/ad9518.c ****         D(d, "  Mixed result: partially driven, partially floating.\r\n");
 347:Core/Src/ad9518.c ****         D(d, "  Suspect marginal drive strength, a series resistor that is\r\n");
 348:Core/Src/ad9518.c ****         D(d, "  too large, or excessive capacitance. Try a slower bus with\r\n");
 349:Core/Src/ad9518.c ****         D(d, "  ad9518_port_set_bit_delay().\r\n");
 350:Core/Src/ad9518.c ****     }
 351:Core/Src/ad9518.c **** }
 352:Core/Src/ad9518.c **** 
 353:Core/Src/ad9518.c **** int ad9518_bus_selftest(ad9518_dev_t *d)
 354:Core/Src/ad9518.c **** {
 355:Core/Src/ad9518.c ****     /* PLL2 (0x017) is a benign scratch location: it holds no critical
 356:Core/Src/ad9518.c ****      * setting in this configuration and is fully readable/writable. */
 357:Core/Src/ad9518.c ****     static const uint8_t patterns[] = {0x00, 0xA5, 0x5A, 0xFF, 0x00};
 358:Core/Src/ad9518.c ****     int fails = 0;
 359:Core/Src/ad9518.c **** 
 360:Core/Src/ad9518.c ****     D(d, "[selftest] write/readback patterns to 0x017\r\n");
 361:Core/Src/ad9518.c ****     for (unsigned i = 0; i < sizeof(patterns); i++)
 362:Core/Src/ad9518.c ****     {
 363:Core/Src/ad9518.c ****         uint8_t got = 0;
 364:Core/Src/ad9518.c ****         ad9518_write(d, AD9518_PLL2, patterns[i]);
 365:Core/Src/ad9518.c ****         ad9518_transfer(d);
 366:Core/Src/ad9518.c ****         ad9518_read(d, AD9518_PLL2, &got);
 367:Core/Src/ad9518.c ****         Df(d, "  wrote 0x%02X read 0x%02X %s\r\n",
 368:Core/Src/ad9518.c ****            patterns[i], got, (got == patterns[i]) ? "ok" : "FAIL");
 369:Core/Src/ad9518.c ****         if (got != patterns[i])
 370:Core/Src/ad9518.c ****             fails++;
 371:Core/Src/ad9518.c ****     }
 372:Core/Src/ad9518.c ****     ad9518_write(d, AD9518_PLL2, 0x00);
 373:Core/Src/ad9518.c ****     ad9518_transfer(d);
 374:Core/Src/ad9518.c **** 
 375:Core/Src/ad9518.c ****     if (fails)
 376:Core/Src/ad9518.c ****         Df(d, "[selftest] %d/%u patterns failed\r\n", fails, (unsigned)sizeof(patterns));
 377:Core/Src/ad9518.c ****     else
 378:Core/Src/ad9518.c ****         D(d, "[selftest] bus round-trips correctly\r\n");
 379:Core/Src/ad9518.c ****     return fails ? -1 : 0;
 380:Core/Src/ad9518.c **** }
 381:Core/Src/ad9518.c **** 
 382:Core/Src/ad9518.c **** /* ------------------------------------------------------------------ */
 383:Core/Src/ad9518.c **** /* divider planning                                                    */
 384:Core/Src/ad9518.c **** /* ------------------------------------------------------------------ */
 385:Core/Src/ad9518.c **** 
 386:Core/Src/ad9518.c **** /* PLL1[2:0] selects the prescaler. Table from the Linux driver; the high
ARM GAS  /var/folders/0g/t37nqzqx51l7sfxbqc44l9hw0000gn/T//ccBBrdod.s 			page 18


 387:Core/Src/ad9518.c ****  * bit marks fixed-divide modes, where the A counter is unused. */
 388:Core/Src/ad9518.c **** #define IS_FD 0x80
 389:Core/Src/ad9518.c **** static const uint8_t to_prescaler[8] = {
 390:Core/Src/ad9518.c ****     1 | IS_FD,
 391:Core/Src/ad9518.c ****     2 | IS_FD,
 392:Core/Src/ad9518.c ****     2,
 393:Core/Src/ad9518.c ****     4,
 394:Core/Src/ad9518.c ****     8,
 395:Core/Src/ad9518.c ****     16,
 396:Core/Src/ad9518.c ****     32,
 397:Core/Src/ad9518.c ****     3 | IS_FD,
 398:Core/Src/ad9518.c **** };
 399:Core/Src/ad9518.c **** 
 400:Core/Src/ad9518.c **** /* The B counter cannot be clocked at the full VCO rate; the prescaler must
 401:Core/Src/ad9518.c ****  * bring it down. Keep the prescaler output conservatively low. */
 402:Core/Src/ad9518.c **** #define BCNT_IN_MAX_HZ 250000000u
 403:Core/Src/ad9518.c **** 
 404:Core/Src/ad9518.c **** int ad9518_plan(uint32_t ref_hz, uint32_t target_hz,
 405:Core/Src/ad9518.c ****                 uint32_t vco_min_hz, uint32_t vco_max_hz,
 406:Core/Src/ad9518.c ****                 ad9518_plan_t *plan)
 407:Core/Src/ad9518.c **** {
 408:Core/Src/ad9518.c ****     long best_err = -1;
 409:Core/Src/ad9518.c ****     uint32_t best_centre = 0;
 410:Core/Src/ad9518.c ****     uint32_t vco_mid = (uint32_t)(((uint64_t)vco_min_hz + vco_max_hz) / 2);
 411:Core/Src/ad9518.c **** 
 412:Core/Src/ad9518.c ****     if (!ref_hz || !target_hz || !plan)
 413:Core/Src/ad9518.c ****         return -1;
 414:Core/Src/ad9518.c **** 
 415:Core/Src/ad9518.c ****     for (uint8_t pi = 0; pi < 8; pi++)
 416:Core/Src/ad9518.c ****     {
 417:Core/Src/ad9518.c ****         uint8_t praw = to_prescaler[pi];
 418:Core/Src/ad9518.c ****         int fixed_div = (praw & IS_FD) != 0;
 419:Core/Src/ad9518.c ****         uint8_t P = praw & (uint8_t)~IS_FD;
 420:Core/Src/ad9518.c **** 
 421:Core/Src/ad9518.c ****         for (uint16_t B = 3; B <= 1000; B++)
 422:Core/Src/ad9518.c ****         {
 423:Core/Src/ad9518.c ****             uint8_t amax = fixed_div ? 0 : (uint8_t)(P - 1);
 424:Core/Src/ad9518.c **** 
 425:Core/Src/ad9518.c ****             for (uint8_t A = 0; A <= amax; A++)
 426:Core/Src/ad9518.c ****             {
 427:Core/Src/ad9518.c ****                 /* In dual-modulus mode the A counter must be less than B. */
 428:Core/Src/ad9518.c ****                 if (!fixed_div && A >= B)
 429:Core/Src/ad9518.c ****                     continue;
 430:Core/Src/ad9518.c **** 
 431:Core/Src/ad9518.c ****                 uint32_t N = (uint32_t)P * B + A;
 432:Core/Src/ad9518.c ****                 uint64_t vco = (uint64_t)ref_hz * N; /* R = 1 */
 433:Core/Src/ad9518.c **** 
 434:Core/Src/ad9518.c ****                 if (vco < vco_min_hz || vco > vco_max_hz)
 435:Core/Src/ad9518.c ****                     continue;
 436:Core/Src/ad9518.c ****                 if (vco / P > BCNT_IN_MAX_HZ)
 437:Core/Src/ad9518.c ****                     continue;
 438:Core/Src/ad9518.c **** 
 439:Core/Src/ad9518.c ****                 /* Distance from the middle of the tuning range. Among plans
 440:Core/Src/ad9518.c ****                  * that hit the target exactly, prefer the one whose VCO sits
 441:Core/Src/ad9518.c ****                  * furthest from the band edges - a VCO parked at the very
 442:Core/Src/ad9518.c ****                  * bottom or top of its range may fail to lock over
 443:Core/Src/ad9518.c ****                  * temperature and process variation even though it locks on
ARM GAS  /var/folders/0g/t37nqzqx51l7sfxbqc44l9hw0000gn/T//ccBBrdod.s 			page 19


 444:Core/Src/ad9518.c ****                  * the bench at room temperature. */
 445:Core/Src/ad9518.c ****                 uint32_t centre = (vco > vco_mid)
 446:Core/Src/ad9518.c ****                                       ? (uint32_t)(vco - vco_mid)
 447:Core/Src/ad9518.c ****                                       : (uint32_t)(vco_mid - vco);
 448:Core/Src/ad9518.c **** 
 449:Core/Src/ad9518.c ****                 for (uint8_t vd = 2; vd <= 6; vd++)
 450:Core/Src/ad9518.c ****                 {
 451:Core/Src/ad9518.c ****                     uint64_t bus = vco / vd;
 452:Core/Src/ad9518.c ****                     for (uint8_t cd = 1; cd <= 32; cd++)
 453:Core/Src/ad9518.c ****                     {
 454:Core/Src/ad9518.c ****                         uint64_t out = bus / cd;
 455:Core/Src/ad9518.c ****                         long err = (long)out - (long)target_hz;
 456:Core/Src/ad9518.c ****                         if (err < 0)
 457:Core/Src/ad9518.c ****                             err = -err;
 458:Core/Src/ad9518.c **** 
 459:Core/Src/ad9518.c ****                         int better = 0;
 460:Core/Src/ad9518.c ****                         if (best_err < 0)
 461:Core/Src/ad9518.c ****                             better = 1;
 462:Core/Src/ad9518.c ****                         else if (err < best_err)
 463:Core/Src/ad9518.c ****                             better = 1;
 464:Core/Src/ad9518.c ****                         else if (err == best_err &&
 465:Core/Src/ad9518.c ****                                  centre < best_centre)
 466:Core/Src/ad9518.c ****                             better = 1;
 467:Core/Src/ad9518.c **** 
 468:Core/Src/ad9518.c ****                         if (better)
 469:Core/Src/ad9518.c ****                         {
 470:Core/Src/ad9518.c ****                             best_err = err;
 471:Core/Src/ad9518.c ****                             best_centre = centre;
 472:Core/Src/ad9518.c ****                             plan->r_counter = 1;
 473:Core/Src/ad9518.c ****                             plan->a_counter = A;
 474:Core/Src/ad9518.c ****                             plan->b_counter = B;
 475:Core/Src/ad9518.c ****                             plan->prescaler_idx = pi;
 476:Core/Src/ad9518.c ****                             plan->prescaler = P;
 477:Core/Src/ad9518.c ****                             plan->vco_divider = vd;
 478:Core/Src/ad9518.c ****                             plan->chan_divider = cd;
 479:Core/Src/ad9518.c ****                             plan->vco_hz = (uint32_t)vco;
 480:Core/Src/ad9518.c ****                             plan->out_hz = (uint32_t)out;
 481:Core/Src/ad9518.c ****                         }
 482:Core/Src/ad9518.c ****                     }
 483:Core/Src/ad9518.c ****                 }
 484:Core/Src/ad9518.c ****             }
 485:Core/Src/ad9518.c ****         }
 486:Core/Src/ad9518.c ****     }
 487:Core/Src/ad9518.c **** 
 488:Core/Src/ad9518.c ****     if (best_err < 0)
 489:Core/Src/ad9518.c ****         return -1;
 490:Core/Src/ad9518.c ****     return (best_err == 0) ? 0 : 1;
 491:Core/Src/ad9518.c **** }
 492:Core/Src/ad9518.c **** 
 493:Core/Src/ad9518.c **** /* Channel divider encoding: ratio 2..32 becomes a hi/lo nibble pair.
 494:Core/Src/ad9518.c ****  * Same arithmetic as ad9517_calc_divider_hi_lo() in the Linux driver. */
 495:Core/Src/ad9518.c **** static uint8_t div_hi_lo(uint8_t ratio)
 496:Core/Src/ad9518.c **** {
 560              		.loc 1 496 1 is_stmt 1 view -0
 561              		.cfi_startproc
 562              		@ args = 0, pretend = 0, frame = 0
 563              		@ frame_needed = 0, uses_anonymous_args = 0
ARM GAS  /var/folders/0g/t37nqzqx51l7sfxbqc44l9hw0000gn/T//ccBBrdod.s 			page 20


 564              		@ link register save eliminated.
 497:Core/Src/ad9518.c ****     uint8_t hi = (uint8_t)(ratio / 2 - 1);
 565              		.loc 1 497 5 view .LVU174
 566              		.loc 1 497 18 is_stmt 0 view .LVU175
 567 0000 4308     		lsrs	r3, r0, #1
 568              		.loc 1 497 13 view .LVU176
 569 0002 013B     		subs	r3, r3, #1
 570 0004 DBB2     		uxtb	r3, r3
 571              	.LVL62:
 498:Core/Src/ad9518.c ****     uint8_t lo = (uint8_t)(hi + (ratio & 1));
 572              		.loc 1 498 5 is_stmt 1 view .LVU177
 573              		.loc 1 498 40 is_stmt 0 view .LVU178
 574 0006 00F00100 		and	r0, r0, #1
 575              	.LVL63:
 576              		.loc 1 498 13 view .LVU179
 577 000a 1844     		add	r0, r0, r3
 578              	.LVL64:
 499:Core/Src/ad9518.c ****     return (uint8_t)((hi << 4) | (lo & 0x0F));
 579              		.loc 1 499 5 is_stmt 1 view .LVU180
 580              		.loc 1 499 12 is_stmt 0 view .LVU181
 581 000c 00F00F00 		and	r0, r0, #15
 582              	.LVL65:
 583              		.loc 1 499 12 view .LVU182
 584 0010 40EA0310 		orr	r0, r0, r3, lsl #4
 500:Core/Src/ad9518.c **** }
 585              		.loc 1 500 1 view .LVU183
 586 0014 C0B2     		uxtb	r0, r0
 587 0016 7047     		bx	lr
 588              		.cfi_endproc
 589              	.LFE19:
 591              		.section	.text.Df,"ax",%progbits
 592              		.align	1
 593              		.syntax unified
 594              		.thumb
 595              		.thumb_func
 597              	Df:
 598              	.LVL66:
 599              	.LFB4:
  17:Core/Src/ad9518.c ****     if (!d->dbg)
 600              		.loc 1 17 1 is_stmt 1 view -0
 601              		.cfi_startproc
 602              		@ args = 4, pretend = 12, frame = 152
 603              		@ frame_needed = 0, uses_anonymous_args = 1
  17:Core/Src/ad9518.c ****     if (!d->dbg)
 604              		.loc 1 17 1 is_stmt 0 view .LVU185
 605 0000 0EB4     		push	{r1, r2, r3}
 606              	.LCFI5:
 607              		.cfi_def_cfa_offset 12
 608              		.cfi_offset 1, -12
 609              		.cfi_offset 2, -8
 610              		.cfi_offset 3, -4
 611 0002 30B5     		push	{r4, r5, lr}
 612              	.LCFI6:
 613              		.cfi_def_cfa_offset 24
 614              		.cfi_offset 4, -24
 615              		.cfi_offset 5, -20
 616              		.cfi_offset 14, -16
ARM GAS  /var/folders/0g/t37nqzqx51l7sfxbqc44l9hw0000gn/T//ccBBrdod.s 			page 21


 617 0004 A6B0     		sub	sp, sp, #152
 618              	.LCFI7:
 619              		.cfi_def_cfa_offset 176
  18:Core/Src/ad9518.c ****         return;
 620              		.loc 1 18 5 is_stmt 1 view .LVU186
  18:Core/Src/ad9518.c ****         return;
 621              		.loc 1 18 11 is_stmt 0 view .LVU187
 622 0006 036A     		ldr	r3, [r0, #32]
  18:Core/Src/ad9518.c ****         return;
 623              		.loc 1 18 8 view .LVU188
 624 0008 5BB1     		cbz	r3, .L35
 625 000a 0446     		mov	r4, r0
  20:Core/Src/ad9518.c ****     va_list ap;
 626              		.loc 1 20 5 is_stmt 1 view .LVU189
  21:Core/Src/ad9518.c ****     va_start(ap, fmt);
 627              		.loc 1 21 5 view .LVU190
  22:Core/Src/ad9518.c ****     vsnprintf(b, sizeof(b), fmt, ap);
 628              		.loc 1 22 5 view .LVU191
 629 000c 2AAB     		add	r3, sp, #168
 630 000e 0193     		str	r3, [sp, #4]
  23:Core/Src/ad9518.c ****     va_end(ap);
 631              		.loc 1 23 5 view .LVU192
 632 0010 02AD     		add	r5, sp, #8
 633 0012 299A     		ldr	r2, [sp, #164]
 634 0014 9021     		movs	r1, #144
 635 0016 2846     		mov	r0, r5
 636              	.LVL67:
  23:Core/Src/ad9518.c ****     va_end(ap);
 637              		.loc 1 23 5 is_stmt 0 view .LVU193
 638 0018 FFF7FEFF 		bl	vsnprintf
 639              	.LVL68:
  24:Core/Src/ad9518.c ****     d->dbg(b);
 640              		.loc 1 24 5 is_stmt 1 view .LVU194
  25:Core/Src/ad9518.c **** }
 641              		.loc 1 25 5 view .LVU195
  25:Core/Src/ad9518.c **** }
 642              		.loc 1 25 6 is_stmt 0 view .LVU196
 643 001c 236A     		ldr	r3, [r4, #32]
  25:Core/Src/ad9518.c **** }
 644              		.loc 1 25 5 view .LVU197
 645 001e 2846     		mov	r0, r5
 646 0020 9847     		blx	r3
 647              	.LVL69:
 648              	.L35:
  26:Core/Src/ad9518.c **** 
 649              		.loc 1 26 1 view .LVU198
 650 0022 26B0     		add	sp, sp, #152
 651              	.LCFI8:
 652              		.cfi_def_cfa_offset 24
 653              		@ sp needed
 654 0024 BDE83040 		pop	{r4, r5, lr}
 655              	.LCFI9:
 656              		.cfi_restore 14
 657              		.cfi_restore 5
 658              		.cfi_restore 4
 659              		.cfi_def_cfa_offset 12
 660 0028 03B0     		add	sp, sp, #12
ARM GAS  /var/folders/0g/t37nqzqx51l7sfxbqc44l9hw0000gn/T//ccBBrdod.s 			page 22


 661              	.LCFI10:
 662              		.cfi_restore 3
 663              		.cfi_restore 2
 664              		.cfi_restore 1
 665              		.cfi_def_cfa_offset 0
 666 002a 7047     		bx	lr
 667              		.cfi_endproc
 668              	.LFE4:
 670              		.section	.text.ad9518_write,"ax",%progbits
 671              		.align	1
 672              		.global	ad9518_write
 673              		.syntax unified
 674              		.thumb
 675              		.thumb_func
 677              	ad9518_write:
 678              	.LVL70:
 679              	.LFB8:
 113:Core/Src/ad9518.c ****     d->sdio_dir(1);
 680              		.loc 1 113 1 is_stmt 1 view -0
 681              		.cfi_startproc
 682              		@ args = 0, pretend = 0, frame = 0
 683              		@ frame_needed = 0, uses_anonymous_args = 0
 113:Core/Src/ad9518.c ****     d->sdio_dir(1);
 684              		.loc 1 113 1 is_stmt 0 view .LVU200
 685 0000 70B5     		push	{r4, r5, r6, lr}
 686              	.LCFI11:
 687              		.cfi_def_cfa_offset 16
 688              		.cfi_offset 4, -16
 689              		.cfi_offset 5, -12
 690              		.cfi_offset 6, -8
 691              		.cfi_offset 14, -4
 692 0002 0446     		mov	r4, r0
 693 0004 0E46     		mov	r6, r1
 694 0006 1546     		mov	r5, r2
 114:Core/Src/ad9518.c ****     d->sclk(0);
 695              		.loc 1 114 5 is_stmt 1 view .LVU201
 114:Core/Src/ad9518.c ****     d->sclk(0);
 696              		.loc 1 114 6 is_stmt 0 view .LVU202
 697 0008 C368     		ldr	r3, [r0, #12]
 114:Core/Src/ad9518.c ****     d->sclk(0);
 698              		.loc 1 114 5 view .LVU203
 699 000a 0120     		movs	r0, #1
 700              	.LVL71:
 114:Core/Src/ad9518.c ****     d->sclk(0);
 701              		.loc 1 114 5 view .LVU204
 702 000c 9847     		blx	r3
 703              	.LVL72:
 115:Core/Src/ad9518.c ****     d->cs(0);
 704              		.loc 1 115 5 is_stmt 1 view .LVU205
 115:Core/Src/ad9518.c ****     d->cs(0);
 705              		.loc 1 115 6 is_stmt 0 view .LVU206
 706 000e 6368     		ldr	r3, [r4, #4]
 115:Core/Src/ad9518.c ****     d->cs(0);
 707              		.loc 1 115 5 view .LVU207
 708 0010 0020     		movs	r0, #0
 709 0012 9847     		blx	r3
 710              	.LVL73:
ARM GAS  /var/folders/0g/t37nqzqx51l7sfxbqc44l9hw0000gn/T//ccBBrdod.s 			page 23


 116:Core/Src/ad9518.c ****     d->bit_delay();
 711              		.loc 1 116 5 is_stmt 1 view .LVU208
 116:Core/Src/ad9518.c ****     d->bit_delay();
 712              		.loc 1 116 6 is_stmt 0 view .LVU209
 713 0014 2368     		ldr	r3, [r4]
 116:Core/Src/ad9518.c ****     d->bit_delay();
 714              		.loc 1 116 5 view .LVU210
 715 0016 0020     		movs	r0, #0
 716 0018 9847     		blx	r3
 717              	.LVL74:
 117:Core/Src/ad9518.c **** 
 718              		.loc 1 117 5 is_stmt 1 view .LVU211
 117:Core/Src/ad9518.c **** 
 719              		.loc 1 117 6 is_stmt 0 view .LVU212
 720 001a A369     		ldr	r3, [r4, #24]
 117:Core/Src/ad9518.c **** 
 721              		.loc 1 117 5 view .LVU213
 722 001c 9847     		blx	r3
 723              	.LVL75:
 119:Core/Src/ad9518.c ****     shift_out(d, val);
 724              		.loc 1 119 5 is_stmt 1 view .LVU214
 725 001e 0022     		movs	r2, #0
 726 0020 3146     		mov	r1, r6
 727 0022 2046     		mov	r0, r4
 728 0024 FFF7FEFF 		bl	shift_instr
 729              	.LVL76:
 120:Core/Src/ad9518.c **** 
 730              		.loc 1 120 5 view .LVU215
 731 0028 2946     		mov	r1, r5
 732 002a 2046     		mov	r0, r4
 733 002c FFF7FEFF 		bl	shift_out
 734              	.LVL77:
 122:Core/Src/ad9518.c ****     d->cs(1);
 735              		.loc 1 122 5 view .LVU216
 122:Core/Src/ad9518.c ****     d->cs(1);
 736              		.loc 1 122 6 is_stmt 0 view .LVU217
 737 0030 A369     		ldr	r3, [r4, #24]
 122:Core/Src/ad9518.c ****     d->cs(1);
 738              		.loc 1 122 5 view .LVU218
 739 0032 9847     		blx	r3
 740              	.LVL78:
 123:Core/Src/ad9518.c ****     d->bit_delay();
 741              		.loc 1 123 5 is_stmt 1 view .LVU219
 123:Core/Src/ad9518.c ****     d->bit_delay();
 742              		.loc 1 123 6 is_stmt 0 view .LVU220
 743 0034 2368     		ldr	r3, [r4]
 123:Core/Src/ad9518.c ****     d->bit_delay();
 744              		.loc 1 123 5 view .LVU221
 745 0036 0120     		movs	r0, #1
 746 0038 9847     		blx	r3
 747              	.LVL79:
 124:Core/Src/ad9518.c ****     return 0;
 748              		.loc 1 124 5 is_stmt 1 view .LVU222
 124:Core/Src/ad9518.c ****     return 0;
 749              		.loc 1 124 6 is_stmt 0 view .LVU223
 750 003a A369     		ldr	r3, [r4, #24]
 124:Core/Src/ad9518.c ****     return 0;
ARM GAS  /var/folders/0g/t37nqzqx51l7sfxbqc44l9hw0000gn/T//ccBBrdod.s 			page 24


 751              		.loc 1 124 5 view .LVU224
 752 003c 9847     		blx	r3
 753              	.LVL80:
 125:Core/Src/ad9518.c **** }
 754              		.loc 1 125 5 is_stmt 1 view .LVU225
 126:Core/Src/ad9518.c **** 
 755              		.loc 1 126 1 is_stmt 0 view .LVU226
 756 003e 0020     		movs	r0, #0
 757 0040 70BD     		pop	{r4, r5, r6, pc}
 126:Core/Src/ad9518.c **** 
 758              		.loc 1 126 1 view .LVU227
 759              		.cfi_endproc
 760              	.LFE8:
 762              		.section	.text.set_chan_divider,"ax",%progbits
 763              		.align	1
 764              		.syntax unified
 765              		.thumb
 766              		.thumb_func
 768              	set_chan_divider:
 769              	.LVL81:
 770              	.LFB20:
 501:Core/Src/ad9518.c **** 
 502:Core/Src/ad9518.c **** /* ------------------------------------------------------------------ */
 503:Core/Src/ad9518.c **** /* configuration                                                       */
 504:Core/Src/ad9518.c **** /* ------------------------------------------------------------------ */
 505:Core/Src/ad9518.c **** 
 506:Core/Src/ad9518.c **** static void set_chan_divider(ad9518_dev_t *d, uint8_t idx, uint8_t ratio)
 507:Core/Src/ad9518.c **** {
 771              		.loc 1 507 1 is_stmt 1 view -0
 772              		.cfi_startproc
 773              		@ args = 0, pretend = 0, frame = 0
 774              		@ frame_needed = 0, uses_anonymous_args = 0
 775              		.loc 1 507 1 is_stmt 0 view .LVU229
 776 0000 70B5     		push	{r4, r5, r6, lr}
 777              	.LCFI12:
 778              		.cfi_def_cfa_offset 16
 779              		.cfi_offset 4, -16
 780              		.cfi_offset 5, -12
 781              		.cfi_offset 6, -8
 782              		.cfi_offset 14, -4
 783 0002 0546     		mov	r5, r0
 784 0004 0C46     		mov	r4, r1
 508:Core/Src/ad9518.c ****     if (ratio <= 1)
 785              		.loc 1 508 5 is_stmt 1 view .LVU230
 786              		.loc 1 508 8 is_stmt 0 view .LVU231
 787 0006 012A     		cmp	r2, #1
 788 0008 19D9     		bls	.L45
 789 000a 1046     		mov	r0, r2
 790              	.LVL82:
 509:Core/Src/ad9518.c ****     {
 510:Core/Src/ad9518.c ****         /* Divide by 1: bypass the divider entirely. */
 511:Core/Src/ad9518.c ****         ad9518_write(d, AD9518_PECLDIV_1(idx), 0x00);
 512:Core/Src/ad9518.c ****         ad9518_write(d, AD9518_PECLDIV_2(idx), AD9518_PECLDIV_2_BP);
 513:Core/Src/ad9518.c ****     }
 514:Core/Src/ad9518.c ****     else
 515:Core/Src/ad9518.c ****     {
 516:Core/Src/ad9518.c ****         ad9518_write(d, AD9518_PECLDIV_1(idx), div_hi_lo(ratio));
ARM GAS  /var/folders/0g/t37nqzqx51l7sfxbqc44l9hw0000gn/T//ccBBrdod.s 			page 25


 791              		.loc 1 516 9 is_stmt 1 view .LVU232
 792 000c 01EB4106 		add	r6, r1, r1, lsl #1
 793 0010 FFF7FEFF 		bl	div_hi_lo
 794              	.LVL83:
 795              		.loc 1 516 9 is_stmt 0 view .LVU233
 796 0014 0246     		mov	r2, r0
 797              		.loc 1 516 9 discriminator 1 view .LVU234
 798 0016 06F5C871 		add	r1, r6, #400
 799 001a 2846     		mov	r0, r5
 800 001c FFF7FEFF 		bl	ad9518_write
 801              	.LVL84:
 517:Core/Src/ad9518.c ****         ad9518_write(d, AD9518_PECLDIV_2(idx), 0x00);
 802              		.loc 1 517 9 is_stmt 1 view .LVU235
 803 0020 0022     		movs	r2, #0
 804 0022 06F29111 		addw	r1, r6, #401
 805 0026 2846     		mov	r0, r5
 806 0028 FFF7FEFF 		bl	ad9518_write
 807              	.LVL85:
 808              	.L43:
 518:Core/Src/ad9518.c ****     }
 519:Core/Src/ad9518.c ****     /* Use the divider path, not the direct-from-VCO mux. */
 520:Core/Src/ad9518.c ****     ad9518_write(d, AD9518_PECLDIV_3(idx), 0x00);
 809              		.loc 1 520 5 view .LVU236
 810 002c 04EB4404 		add	r4, r4, r4, lsl #1
 811              	.LVL86:
 812              		.loc 1 520 5 is_stmt 0 view .LVU237
 813 0030 0022     		movs	r2, #0
 814 0032 04F5C971 		add	r1, r4, #402
 815 0036 2846     		mov	r0, r5
 816 0038 FFF7FEFF 		bl	ad9518_write
 817              	.LVL87:
 521:Core/Src/ad9518.c **** }
 818              		.loc 1 521 1 view .LVU238
 819 003c 70BD     		pop	{r4, r5, r6, pc}
 820              	.LVL88:
 821              	.L45:
 511:Core/Src/ad9518.c ****         ad9518_write(d, AD9518_PECLDIV_2(idx), AD9518_PECLDIV_2_BP);
 822              		.loc 1 511 9 is_stmt 1 view .LVU239
 823 003e 01EB4106 		add	r6, r1, r1, lsl #1
 824 0042 0022     		movs	r2, #0
 825              	.LVL89:
 511:Core/Src/ad9518.c ****         ad9518_write(d, AD9518_PECLDIV_2(idx), AD9518_PECLDIV_2_BP);
 826              		.loc 1 511 9 is_stmt 0 view .LVU240
 827 0044 06F5C871 		add	r1, r6, #400
 828              	.LVL90:
 511:Core/Src/ad9518.c ****         ad9518_write(d, AD9518_PECLDIV_2(idx), AD9518_PECLDIV_2_BP);
 829              		.loc 1 511 9 view .LVU241
 830 0048 FFF7FEFF 		bl	ad9518_write
 831              	.LVL91:
 512:Core/Src/ad9518.c ****     }
 832              		.loc 1 512 9 is_stmt 1 view .LVU242
 833 004c 8022     		movs	r2, #128
 834 004e 06F29111 		addw	r1, r6, #401
 835 0052 2846     		mov	r0, r5
 836 0054 FFF7FEFF 		bl	ad9518_write
 837              	.LVL92:
 838 0058 E8E7     		b	.L43
ARM GAS  /var/folders/0g/t37nqzqx51l7sfxbqc44l9hw0000gn/T//ccBBrdod.s 			page 26


 839              		.cfi_endproc
 840              	.LFE20:
 842              		.section	.text.ad9518_read,"ax",%progbits
 843              		.align	1
 844              		.global	ad9518_read
 845              		.syntax unified
 846              		.thumb
 847              		.thumb_func
 849              	ad9518_read:
 850              	.LVL93:
 851              	.LFB10:
 161:Core/Src/ad9518.c ****     return read_parked(d, reg, val, -1);
 852              		.loc 1 161 1 view -0
 853              		.cfi_startproc
 854              		@ args = 0, pretend = 0, frame = 0
 855              		@ frame_needed = 0, uses_anonymous_args = 0
 161:Core/Src/ad9518.c ****     return read_parked(d, reg, val, -1);
 856              		.loc 1 161 1 is_stmt 0 view .LVU244
 857 0000 08B5     		push	{r3, lr}
 858              	.LCFI13:
 859              		.cfi_def_cfa_offset 8
 860              		.cfi_offset 3, -8
 861              		.cfi_offset 14, -4
 162:Core/Src/ad9518.c **** }
 862              		.loc 1 162 5 is_stmt 1 view .LVU245
 162:Core/Src/ad9518.c **** }
 863              		.loc 1 162 12 is_stmt 0 view .LVU246
 864 0002 4FF0FF33 		mov	r3, #-1
 865 0006 FFF7FEFF 		bl	read_parked
 866              	.LVL94:
 163:Core/Src/ad9518.c **** 
 867              		.loc 1 163 1 view .LVU247
 868 000a 08BD     		pop	{r3, pc}
 869              		.cfi_endproc
 870              	.LFE10:
 872              		.section	.text.ad9518_transfer,"ax",%progbits
 873              		.align	1
 874              		.global	ad9518_transfer
 875              		.syntax unified
 876              		.thumb
 877              		.thumb_func
 879              	ad9518_transfer:
 880              	.LVL95:
 881              	.LFB11:
 166:Core/Src/ad9518.c ****     return ad9518_write(d, AD9518_TRANSFER, AD9518_TRANSFER_NOW);
 882              		.loc 1 166 1 is_stmt 1 view -0
 883              		.cfi_startproc
 884              		@ args = 0, pretend = 0, frame = 0
 885              		@ frame_needed = 0, uses_anonymous_args = 0
 166:Core/Src/ad9518.c ****     return ad9518_write(d, AD9518_TRANSFER, AD9518_TRANSFER_NOW);
 886              		.loc 1 166 1 is_stmt 0 view .LVU249
 887 0000 08B5     		push	{r3, lr}
 888              	.LCFI14:
 889              		.cfi_def_cfa_offset 8
 890              		.cfi_offset 3, -8
 891              		.cfi_offset 14, -4
 167:Core/Src/ad9518.c **** }
ARM GAS  /var/folders/0g/t37nqzqx51l7sfxbqc44l9hw0000gn/T//ccBBrdod.s 			page 27


 892              		.loc 1 167 5 is_stmt 1 view .LVU250
 167:Core/Src/ad9518.c **** }
 893              		.loc 1 167 12 is_stmt 0 view .LVU251
 894 0002 0122     		movs	r2, #1
 895 0004 40F23221 		movw	r1, #562
 896 0008 FFF7FEFF 		bl	ad9518_write
 897              	.LVL96:
 168:Core/Src/ad9518.c **** 
 898              		.loc 1 168 1 view .LVU252
 899 000c 08BD     		pop	{r3, pc}
 900              		.cfi_endproc
 901              	.LFE11:
 903              		.section	.text.ad9518_part_id_valid,"ax",%progbits
 904              		.align	1
 905              		.global	ad9518_part_id_valid
 906              		.syntax unified
 907              		.thumb
 908              		.thumb_func
 910              	ad9518_part_id_valid:
 911              	.LVL97:
 912              	.LFB12:
 175:Core/Src/ad9518.c ****     switch (id)
 913              		.loc 1 175 1 is_stmt 1 view -0
 914              		.cfi_startproc
 915              		@ args = 0, pretend = 0, frame = 0
 916              		@ frame_needed = 0, uses_anonymous_args = 0
 917              		@ link register save eliminated.
 176:Core/Src/ad9518.c ****     {
 918              		.loc 1 176 5 view .LVU254
 919 0000 6128     		cmp	r0, #97
 920 0002 1DD8     		bhi	.L51
 921 0004 4328     		cmp	r0, #67
 922 0006 0AD2     		bcs	.L52
 923 0008 2128     		cmp	r0, #33
 924 000a 30D0     		beq	.L56
 925 000c 12D8     		bhi	.L54
 926 000e 0128     		cmp	r0, #1
 927 0010 2FD0     		beq	.L57
 928 0012 1128     		cmp	r0, #17
 929 0014 01D0     		beq	.L68
 198:Core/Src/ad9518.c ****     }
 930              		.loc 1 198 16 is_stmt 0 view .LVU255
 931 0016 0020     		movs	r0, #0
 932              	.LVL98:
 198:Core/Src/ad9518.c ****     }
 933              		.loc 1 198 16 view .LVU256
 934 0018 7047     		bx	lr
 935              	.LVL99:
 936              	.L68:
 176:Core/Src/ad9518.c ****     {
 937              		.loc 1 176 5 view .LVU257
 938 001a 0120     		movs	r0, #1
 939              	.LVL100:
 176:Core/Src/ad9518.c ****     {
 940              		.loc 1 176 5 view .LVU258
 941 001c 7047     		bx	lr
 942              	.LVL101:
ARM GAS  /var/folders/0g/t37nqzqx51l7sfxbqc44l9hw0000gn/T//ccBBrdod.s 			page 28


 943              	.L52:
 176:Core/Src/ad9518.c ****     {
 944              		.loc 1 176 5 view .LVU259
 945 001e 4338     		subs	r0, r0, #67
 946              	.LVL102:
 176:Core/Src/ad9518.c ****     {
 947              		.loc 1 176 5 view .LVU260
 948 0020 C0B2     		uxtb	r0, r0
 949 0022 1A4B     		ldr	r3, .L74
 950 0024 C340     		lsrs	r3, r3, r0
 951 0026 13F0010F 		tst	r3, #1
 952 002a 01D1     		bne	.L69
 198:Core/Src/ad9518.c ****     }
 953              		.loc 1 198 16 view .LVU261
 954 002c 0020     		movs	r0, #0
 955 002e 7047     		bx	lr
 956              	.L69:
 176:Core/Src/ad9518.c ****     {
 957              		.loc 1 176 5 view .LVU262
 958 0030 0120     		movs	r0, #1
 959 0032 7047     		bx	lr
 960              	.LVL103:
 961              	.L54:
 176:Core/Src/ad9518.c ****     {
 962              		.loc 1 176 5 view .LVU263
 963 0034 4128     		cmp	r0, #65
 964 0036 01D0     		beq	.L70
 198:Core/Src/ad9518.c ****     }
 965              		.loc 1 198 16 view .LVU264
 966 0038 0020     		movs	r0, #0
 967              	.LVL104:
 198:Core/Src/ad9518.c ****     }
 968              		.loc 1 198 16 view .LVU265
 969 003a 7047     		bx	lr
 970              	.LVL105:
 971              	.L70:
 176:Core/Src/ad9518.c ****     {
 972              		.loc 1 176 5 view .LVU266
 973 003c 0120     		movs	r0, #1
 974              	.LVL106:
 176:Core/Src/ad9518.c ****     {
 975              		.loc 1 176 5 view .LVU267
 976 003e 7047     		bx	lr
 977              	.LVL107:
 978              	.L51:
 176:Core/Src/ad9518.c ****     {
 979              		.loc 1 176 5 view .LVU268
 980 0040 A128     		cmp	r0, #161
 981 0042 18D0     		beq	.L61
 982 0044 07D9     		bls	.L71
 983 0046 D328     		cmp	r0, #211
 984 0048 1BD0     		beq	.L65
 985 004a E328     		cmp	r0, #227
 986 004c 1BD0     		beq	.L66
 987 004e C328     		cmp	r0, #195
 988 0050 0BD0     		beq	.L72
 198:Core/Src/ad9518.c ****     }
ARM GAS  /var/folders/0g/t37nqzqx51l7sfxbqc44l9hw0000gn/T//ccBBrdod.s 			page 29


 989              		.loc 1 198 16 view .LVU269
 990 0052 0020     		movs	r0, #0
 991              	.LVL108:
 200:Core/Src/ad9518.c **** 
 992              		.loc 1 200 1 view .LVU270
 993 0054 7047     		bx	lr
 994              	.LVL109:
 995              	.L71:
 176:Core/Src/ad9518.c ****     {
 996              		.loc 1 176 5 view .LVU271
 997 0056 8128     		cmp	r0, #129
 998 0058 0FD0     		beq	.L62
 999 005a 9128     		cmp	r0, #145
 1000 005c 0FD0     		beq	.L63
 1001 005e 6328     		cmp	r0, #99
 1002 0060 01D0     		beq	.L73
 198:Core/Src/ad9518.c ****     }
 1003              		.loc 1 198 16 view .LVU272
 1004 0062 0020     		movs	r0, #0
 1005              	.LVL110:
 198:Core/Src/ad9518.c ****     }
 1006              		.loc 1 198 16 view .LVU273
 1007 0064 7047     		bx	lr
 1008              	.LVL111:
 1009              	.L73:
 176:Core/Src/ad9518.c ****     {
 1010              		.loc 1 176 5 view .LVU274
 1011 0066 0120     		movs	r0, #1
 1012              	.LVL112:
 176:Core/Src/ad9518.c ****     {
 1013              		.loc 1 176 5 view .LVU275
 1014 0068 7047     		bx	lr
 1015              	.LVL113:
 1016              	.L72:
 176:Core/Src/ad9518.c ****     {
 1017              		.loc 1 176 5 view .LVU276
 1018 006a 0120     		movs	r0, #1
 1019              	.LVL114:
 176:Core/Src/ad9518.c ****     {
 1020              		.loc 1 176 5 view .LVU277
 1021 006c 7047     		bx	lr
 1022              	.LVL115:
 1023              	.L56:
 176:Core/Src/ad9518.c ****     {
 1024              		.loc 1 176 5 view .LVU278
 1025 006e 0120     		movs	r0, #1
 1026              	.LVL116:
 176:Core/Src/ad9518.c ****     {
 1027              		.loc 1 176 5 view .LVU279
 1028 0070 7047     		bx	lr
 1029              	.LVL117:
 1030              	.L57:
 176:Core/Src/ad9518.c ****     {
 1031              		.loc 1 176 5 view .LVU280
 1032 0072 0120     		movs	r0, #1
 1033              	.LVL118:
 176:Core/Src/ad9518.c ****     {
ARM GAS  /var/folders/0g/t37nqzqx51l7sfxbqc44l9hw0000gn/T//ccBBrdod.s 			page 30


 1034              		.loc 1 176 5 view .LVU281
 1035 0074 7047     		bx	lr
 1036              	.LVL119:
 1037              	.L61:
 176:Core/Src/ad9518.c ****     {
 1038              		.loc 1 176 5 view .LVU282
 1039 0076 0120     		movs	r0, #1
 1040              	.LVL120:
 176:Core/Src/ad9518.c ****     {
 1041              		.loc 1 176 5 view .LVU283
 1042 0078 7047     		bx	lr
 1043              	.LVL121:
 1044              	.L62:
 176:Core/Src/ad9518.c ****     {
 1045              		.loc 1 176 5 view .LVU284
 1046 007a 0120     		movs	r0, #1
 1047              	.LVL122:
 176:Core/Src/ad9518.c ****     {
 1048              		.loc 1 176 5 view .LVU285
 1049 007c 7047     		bx	lr
 1050              	.LVL123:
 1051              	.L63:
 176:Core/Src/ad9518.c ****     {
 1052              		.loc 1 176 5 view .LVU286
 1053 007e 0120     		movs	r0, #1
 1054              	.LVL124:
 176:Core/Src/ad9518.c ****     {
 1055              		.loc 1 176 5 view .LVU287
 1056 0080 7047     		bx	lr
 1057              	.LVL125:
 1058              	.L65:
 176:Core/Src/ad9518.c ****     {
 1059              		.loc 1 176 5 view .LVU288
 1060 0082 0120     		movs	r0, #1
 1061              	.LVL126:
 176:Core/Src/ad9518.c ****     {
 1062              		.loc 1 176 5 view .LVU289
 1063 0084 7047     		bx	lr
 1064              	.LVL127:
 1065              	.L66:
 176:Core/Src/ad9518.c ****     {
 1066              		.loc 1 176 5 view .LVU290
 1067 0086 0120     		movs	r0, #1
 1068              	.LVL128:
 176:Core/Src/ad9518.c ****     {
 1069              		.loc 1 176 5 view .LVU291
 1070 0088 7047     		bx	lr
 1071              	.L75:
 1072 008a 00BF     		.align	2
 1073              	.L74:
 1074 008c 01400140 		.word	1073823745
 1075              		.cfi_endproc
 1076              	.LFE12:
 1078              		.section	.text.ad9518_soft_reset,"ax",%progbits
 1079              		.align	1
 1080              		.global	ad9518_soft_reset
 1081              		.syntax unified
ARM GAS  /var/folders/0g/t37nqzqx51l7sfxbqc44l9hw0000gn/T//ccBBrdod.s 			page 31


 1082              		.thumb
 1083              		.thumb_func
 1085              	ad9518_soft_reset:
 1086              	.LVL129:
 1087              	.LFB13:
 203:Core/Src/ad9518.c ****     /* In 3-wire the dedicated SDO pin must stay disabled so that readback
 1088              		.loc 1 203 1 is_stmt 1 view -0
 1089              		.cfi_startproc
 1090              		@ args = 0, pretend = 0, frame = 0
 1091              		@ frame_needed = 0, uses_anonymous_args = 0
 203:Core/Src/ad9518.c ****     /* In 3-wire the dedicated SDO pin must stay disabled so that readback
 1092              		.loc 1 203 1 is_stmt 0 view .LVU293
 1093 0000 38B5     		push	{r3, r4, r5, lr}
 1094              	.LCFI15:
 1095              		.cfi_def_cfa_offset 16
 1096              		.cfi_offset 3, -16
 1097              		.cfi_offset 4, -12
 1098              		.cfi_offset 5, -8
 1099              		.cfi_offset 14, -4
 1100 0002 0446     		mov	r4, r0
 207:Core/Src/ad9518.c ****     if (d->wire == AD9518_WIRE_4)
 1101              		.loc 1 207 5 is_stmt 1 view .LVU294
 1102              	.LVL130:
 208:Core/Src/ad9518.c ****         conf |= AD9518_SDO_ACTIVE;
 1103              		.loc 1 208 5 view .LVU295
 208:Core/Src/ad9518.c ****         conf |= AD9518_SDO_ACTIVE;
 1104              		.loc 1 208 10 is_stmt 0 view .LVU296
 1105 0004 90F82430 		ldrb	r3, [r0, #36]	@ zero_extendqisi2
 208:Core/Src/ad9518.c ****         conf |= AD9518_SDO_ACTIVE;
 1106              		.loc 1 208 8 view .LVU297
 1107 0008 012B     		cmp	r3, #1
 1108 000a 18D0     		beq	.L78
 207:Core/Src/ad9518.c ****     if (d->wire == AD9518_WIRE_4)
 1109              		.loc 1 207 13 view .LVU298
 1110 000c 1825     		movs	r5, #24
 1111              	.L77:
 1112              	.LVL131:
 211:Core/Src/ad9518.c ****     d->delay_ms(2);
 1113              		.loc 1 211 5 is_stmt 1 view .LVU299
 1114 000e 45F02402 		orr	r2, r5, #36
 1115 0012 0021     		movs	r1, #0
 1116 0014 2046     		mov	r0, r4
 1117              	.LVL132:
 211:Core/Src/ad9518.c ****     d->delay_ms(2);
 1118              		.loc 1 211 5 is_stmt 0 view .LVU300
 1119 0016 FFF7FEFF 		bl	ad9518_write
 1120              	.LVL133:
 212:Core/Src/ad9518.c ****     ad9518_write(d, AD9518_SERCONF, conf);
 1121              		.loc 1 212 5 is_stmt 1 view .LVU301
 212:Core/Src/ad9518.c ****     ad9518_write(d, AD9518_SERCONF, conf);
 1122              		.loc 1 212 6 is_stmt 0 view .LVU302
 1123 001a E369     		ldr	r3, [r4, #28]
 212:Core/Src/ad9518.c ****     ad9518_write(d, AD9518_SERCONF, conf);
 1124              		.loc 1 212 5 view .LVU303
 1125 001c 0220     		movs	r0, #2
 1126 001e 9847     		blx	r3
 1127              	.LVL134:
ARM GAS  /var/folders/0g/t37nqzqx51l7sfxbqc44l9hw0000gn/T//ccBBrdod.s 			page 32


 213:Core/Src/ad9518.c ****     d->delay_ms(2);
 1128              		.loc 1 213 5 is_stmt 1 view .LVU304
 1129 0020 2A46     		mov	r2, r5
 1130 0022 0021     		movs	r1, #0
 1131 0024 2046     		mov	r0, r4
 1132 0026 FFF7FEFF 		bl	ad9518_write
 1133              	.LVL135:
 214:Core/Src/ad9518.c **** 
 1134              		.loc 1 214 5 view .LVU305
 214:Core/Src/ad9518.c **** 
 1135              		.loc 1 214 6 is_stmt 0 view .LVU306
 1136 002a E369     		ldr	r3, [r4, #28]
 214:Core/Src/ad9518.c **** 
 1137              		.loc 1 214 5 view .LVU307
 1138 002c 0220     		movs	r0, #2
 1139 002e 9847     		blx	r3
 1140              	.LVL136:
 218:Core/Src/ad9518.c ****     return 0;
 1141              		.loc 1 218 5 is_stmt 1 view .LVU308
 1142 0030 0122     		movs	r2, #1
 1143 0032 0421     		movs	r1, #4
 1144 0034 2046     		mov	r0, r4
 1145 0036 FFF7FEFF 		bl	ad9518_write
 1146              	.LVL137:
 219:Core/Src/ad9518.c **** }
 1147              		.loc 1 219 5 view .LVU309
 220:Core/Src/ad9518.c **** 
 1148              		.loc 1 220 1 is_stmt 0 view .LVU310
 1149 003a 0020     		movs	r0, #0
 1150 003c 38BD     		pop	{r3, r4, r5, pc}
 1151              	.LVL138:
 1152              	.L78:
 209:Core/Src/ad9518.c **** 
 1153              		.loc 1 209 14 view .LVU311
 1154 003e 9925     		movs	r5, #153
 1155 0040 E5E7     		b	.L77
 1156              		.cfi_endproc
 1157              	.LFE13:
 1159              		.section	.text.ad9518_part_id,"ax",%progbits
 1160              		.align	1
 1161              		.global	ad9518_part_id
 1162              		.syntax unified
 1163              		.thumb
 1164              		.thumb_func
 1166              	ad9518_part_id:
 1167              	.LVL139:
 1168              	.LFB14:
 223:Core/Src/ad9518.c ****     return ad9518_read(d, AD9518_PARTID, id);
 1169              		.loc 1 223 1 is_stmt 1 view -0
 1170              		.cfi_startproc
 1171              		@ args = 0, pretend = 0, frame = 0
 1172              		@ frame_needed = 0, uses_anonymous_args = 0
 223:Core/Src/ad9518.c ****     return ad9518_read(d, AD9518_PARTID, id);
 1173              		.loc 1 223 1 is_stmt 0 view .LVU313
 1174 0000 08B5     		push	{r3, lr}
 1175              	.LCFI16:
 1176              		.cfi_def_cfa_offset 8
ARM GAS  /var/folders/0g/t37nqzqx51l7sfxbqc44l9hw0000gn/T//ccBBrdod.s 			page 33


 1177              		.cfi_offset 3, -8
 1178              		.cfi_offset 14, -4
 1179 0002 0A46     		mov	r2, r1
 224:Core/Src/ad9518.c **** }
 1180              		.loc 1 224 5 is_stmt 1 view .LVU314
 224:Core/Src/ad9518.c **** }
 1181              		.loc 1 224 12 is_stmt 0 view .LVU315
 1182 0004 0321     		movs	r1, #3
 1183              	.LVL140:
 224:Core/Src/ad9518.c **** }
 1184              		.loc 1 224 12 view .LVU316
 1185 0006 FFF7FEFF 		bl	ad9518_read
 1186              	.LVL141:
 225:Core/Src/ad9518.c **** 
 1187              		.loc 1 225 1 view .LVU317
 1188 000a 08BD     		pop	{r3, pc}
 1189              		.cfi_endproc
 1190              	.LFE14:
 1192              		.section	.rodata.ad9518_bus_autoprobe.str1.4,"aMS",%progbits,1
 1193              		.align	2
 1194              	.LC0:
 1195 0000 3C3D3D20 		.ascii	"<== VALID\000"
 1195      56414C49 
 1195      4400
 1196 000a 0000     		.align	2
 1197              	.LC1:
 1198 000c 00       		.ascii	"\000"
 1199 000d 000000   		.align	2
 1200              	.LC2:
 1201 0010 5B617574 		.ascii	"[autoprobe] sweeping bus configurations\015\012\000"
 1201      6F70726F 
 1201      62655D20 
 1201      73776565 
 1201      70696E67 
 1202 003a 0000     		.align	2
 1203              	.LC3:
 1204 003c 20202573 		.ascii	"  %s / %s / sample %s -> PARTID 0x%02X %s\015\012\000"
 1204      202F2025 
 1204      73202F20 
 1204      73616D70 
 1204      6C652025 
 1205              		.align	2
 1206              	.LC4:
 1207 0068 5B617574 		.ascii	"[autoprobe] using %s, %s, sample %s\015\012\000"
 1207      6F70726F 
 1207      62655D20 
 1207      7573696E 
 1207      67202573 
 1208 008e 0000     		.align	2
 1209              	.LC5:
 1210 0090 5B617574 		.ascii	"[autoprobe] no working configuration found\015\012\000"
 1210      6F70726F 
 1210      62655D20 
 1210      6E6F2077 
 1210      6F726B69 
 1211              		.section	.text.ad9518_bus_autoprobe,"ax",%progbits
 1212              		.align	1
ARM GAS  /var/folders/0g/t37nqzqx51l7sfxbqc44l9hw0000gn/T//ccBBrdod.s 			page 34


 1213              		.global	ad9518_bus_autoprobe
 1214              		.syntax unified
 1215              		.thumb
 1216              		.thumb_func
 1218              	ad9518_bus_autoprobe:
 1219              	.LVL142:
 1220              	.LFB15:
 228:Core/Src/ad9518.c ****     static const char *wire_name[2] = {"3-wire", "4-wire"};
 1221              		.loc 1 228 1 is_stmt 1 view -0
 1222              		.cfi_startproc
 1223              		@ args = 0, pretend = 0, frame = 8
 1224              		@ frame_needed = 0, uses_anonymous_args = 0
 228:Core/Src/ad9518.c ****     static const char *wire_name[2] = {"3-wire", "4-wire"};
 1225              		.loc 1 228 1 is_stmt 0 view .LVU319
 1226 0000 2DE9F04F 		push	{r4, r5, r6, r7, r8, r9, r10, fp, lr}
 1227              	.LCFI17:
 1228              		.cfi_def_cfa_offset 36
 1229              		.cfi_offset 4, -36
 1230              		.cfi_offset 5, -32
 1231              		.cfi_offset 6, -28
 1232              		.cfi_offset 7, -24
 1233              		.cfi_offset 8, -20
 1234              		.cfi_offset 9, -16
 1235              		.cfi_offset 10, -12
 1236              		.cfi_offset 11, -8
 1237              		.cfi_offset 14, -4
 1238 0004 87B0     		sub	sp, sp, #28
 1239              	.LCFI18:
 1240              		.cfi_def_cfa_offset 64
 1241 0006 0446     		mov	r4, r0
 229:Core/Src/ad9518.c ****     static const char *sample_name[2] = {"SCLK high", "SCLK low "};
 1242              		.loc 1 229 5 is_stmt 1 view .LVU320
 230:Core/Src/ad9518.c ****     static const char *instr_name[2] = {"long instr ", "short instr"};
 1243              		.loc 1 230 5 view .LVU321
 231:Core/Src/ad9518.c **** 
 1244              		.loc 1 231 5 view .LVU322
 233:Core/Src/ad9518.c **** 
 1245              		.loc 1 233 5 view .LVU323
 1246 0008 3249     		ldr	r1, .L101
 1247 000a FFF7FEFF 		bl	D
 1248              	.LVL143:
 235:Core/Src/ad9518.c ****     {
 1249              		.loc 1 235 5 view .LVU324
 1250              	.LBB10:
 235:Core/Src/ad9518.c ****     {
 1251              		.loc 1 235 10 view .LVU325
 235:Core/Src/ad9518.c ****     {
 1252              		.loc 1 235 14 is_stmt 0 view .LVU326
 1253 000e 0027     		movs	r7, #0
 235:Core/Src/ad9518.c ****     {
 1254              		.loc 1 235 5 view .LVU327
 1255 0010 53E0     		b	.L83
 1256              	.LVL144:
 1257              	.L99:
 1258              	.LBB11:
 239:Core/Src/ad9518.c ****                 continue;
 1259              		.loc 1 239 40 discriminator 1 view .LVU328
ARM GAS  /var/folders/0g/t37nqzqx51l7sfxbqc44l9hw0000gn/T//ccBBrdod.s 			page 35


 1260 0012 6369     		ldr	r3, [r4, #20]
 239:Core/Src/ad9518.c ****                 continue;
 1261              		.loc 1 239 36 discriminator 1 view .LVU329
 1262 0014 002B     		cmp	r3, #0
 1263 0016 48D0     		beq	.L85
 1264 0018 0025     		movs	r5, #0
 1265 001a 11E0     		b	.L89
 1266              	.LVL145:
 1267              	.L94:
 1268              	.LBB12:
 1269              	.LBB13:
 253:Core/Src/ad9518.c ****                    instr_name[in], wire_name[w], sample_name[s], id,
 1270              		.loc 1 253 17 discriminator 2 view .LVU330
 1271 001c 2E4B     		ldr	r3, .L101+4
 1272              	.L86:
 253:Core/Src/ad9518.c ****                    instr_name[in], wire_name[w], sample_name[s], id,
 1273              		.loc 1 253 17 discriminator 4 view .LVU331
 1274 001e 0293     		str	r3, [sp, #8]
 1275 0020 CDF80480 		str	r8, [sp, #4]
 1276 0024 CDF800B0 		str	fp, [sp]
 1277 0028 5346     		mov	r3, r10
 1278 002a 4A46     		mov	r2, r9
 1279 002c 2B49     		ldr	r1, .L101+8
 1280 002e 2046     		mov	r0, r4
 1281 0030 FFF7FEFF 		bl	Df
 1282              	.LVL146:
 257:Core/Src/ad9518.c ****                 {
 1283              		.loc 1 257 17 is_stmt 1 view .LVU332
 257:Core/Src/ad9518.c ****                 {
 1284              		.loc 1 257 21 is_stmt 0 view .LVU333
 1285 0034 9DF81700 		ldrb	r0, [sp, #23]	@ zero_extendqisi2
 1286 0038 FFF7FEFF 		bl	ad9518_part_id_valid
 1287              	.LVL147:
 257:Core/Src/ad9518.c ****                 {
 1288              		.loc 1 257 20 discriminator 1 view .LVU334
 1289 003c 28BB     		cbnz	r0, .L97
 1290              	.LBE13:
 242:Core/Src/ad9518.c ****             {
 1291              		.loc 1 242 37 is_stmt 1 discriminator 2 view .LVU335
 1292 003e 0135     		adds	r5, r5, #1
 1293              	.LVL148:
 1294              	.L89:
 242:Core/Src/ad9518.c ****             {
 1295              		.loc 1 242 31 discriminator 1 view .LVU336
 1296 0040 012D     		cmp	r5, #1
 1297 0042 32DC     		bgt	.L85
 1298              	.LBB14:
 244:Core/Src/ad9518.c ****                 d->wire = (ad9518_wire_t)w;
 1299              		.loc 1 244 17 view .LVU337
 244:Core/Src/ad9518.c ****                 d->wire = (ad9518_wire_t)w;
 1300              		.loc 1 244 26 is_stmt 0 view .LVU338
 1301 0044 84F82670 		strb	r7, [r4, #38]
 245:Core/Src/ad9518.c ****                 d->sample = (ad9518_sample_t)s;
 1302              		.loc 1 245 17 is_stmt 1 view .LVU339
 245:Core/Src/ad9518.c ****                 d->sample = (ad9518_sample_t)s;
 1303              		.loc 1 245 25 is_stmt 0 view .LVU340
 1304 0048 84F82460 		strb	r6, [r4, #36]
ARM GAS  /var/folders/0g/t37nqzqx51l7sfxbqc44l9hw0000gn/T//ccBBrdod.s 			page 36


 246:Core/Src/ad9518.c **** 
 1305              		.loc 1 246 17 is_stmt 1 view .LVU341
 246:Core/Src/ad9518.c **** 
 1306              		.loc 1 246 27 is_stmt 0 view .LVU342
 1307 004c 84F82550 		strb	r5, [r4, #37]
 248:Core/Src/ad9518.c **** 
 1308              		.loc 1 248 17 is_stmt 1 view .LVU343
 1309 0050 2046     		mov	r0, r4
 1310 0052 FFF7FEFF 		bl	ad9518_soft_reset
 1311              	.LVL149:
 250:Core/Src/ad9518.c ****                 ad9518_part_id(d, &id);
 1312              		.loc 1 250 17 view .LVU344
 250:Core/Src/ad9518.c ****                 ad9518_part_id(d, &id);
 1313              		.loc 1 250 25 is_stmt 0 view .LVU345
 1314 0056 0023     		movs	r3, #0
 1315 0058 8DF81730 		strb	r3, [sp, #23]
 251:Core/Src/ad9518.c **** 
 1316              		.loc 1 251 17 is_stmt 1 view .LVU346
 1317 005c 0DF11701 		add	r1, sp, #23
 1318 0060 2046     		mov	r0, r4
 1319 0062 FFF7FEFF 		bl	ad9518_part_id
 1320              	.LVL150:
 253:Core/Src/ad9518.c ****                    instr_name[in], wire_name[w], sample_name[s], id,
 1321              		.loc 1 253 17 view .LVU347
 1322 0066 1E4B     		ldr	r3, .L101+12
 1323 0068 53F82790 		ldr	r9, [r3, r7, lsl #2]
 1324 006c 1D4B     		ldr	r3, .L101+16
 1325 006e 53F826A0 		ldr	r10, [r3, r6, lsl #2]
 1326 0072 1D4B     		ldr	r3, .L101+20
 1327 0074 53F825B0 		ldr	fp, [r3, r5, lsl #2]
 1328 0078 9DF81780 		ldrb	r8, [sp, #23]	@ zero_extendqisi2
 255:Core/Src/ad9518.c **** 
 1329              		.loc 1 255 20 is_stmt 0 view .LVU348
 1330 007c 4046     		mov	r0, r8
 1331 007e FFF7FEFF 		bl	ad9518_part_id_valid
 1332              	.LVL151:
 253:Core/Src/ad9518.c ****                    instr_name[in], wire_name[w], sample_name[s], id,
 1333              		.loc 1 253 17 view .LVU349
 1334 0082 0028     		cmp	r0, #0
 1335 0084 CAD0     		beq	.L94
 253:Core/Src/ad9518.c ****                    instr_name[in], wire_name[w], sample_name[s], id,
 1336              		.loc 1 253 17 discriminator 1 view .LVU350
 1337 0086 194B     		ldr	r3, .L101+24
 1338 0088 C9E7     		b	.L86
 1339              	.L97:
 259:Core/Src/ad9518.c ****                        instr_name[in], wire_name[w], sample_name[s]);
 1340              		.loc 1 259 21 is_stmt 1 view .LVU351
 1341 008a 174B     		ldr	r3, .L101+20
 1342 008c 53F82530 		ldr	r3, [r3, r5, lsl #2]
 1343 0090 0093     		str	r3, [sp]
 1344 0092 144B     		ldr	r3, .L101+16
 1345 0094 53F82630 		ldr	r3, [r3, r6, lsl #2]
 1346 0098 114A     		ldr	r2, .L101+12
 1347 009a 52F82720 		ldr	r2, [r2, r7, lsl #2]
 1348 009e 1449     		ldr	r1, .L101+28
 1349 00a0 2046     		mov	r0, r4
 1350 00a2 FFF7FEFF 		bl	Df
ARM GAS  /var/folders/0g/t37nqzqx51l7sfxbqc44l9hw0000gn/T//ccBBrdod.s 			page 37


 1351              	.LVL152:
 261:Core/Src/ad9518.c ****                 }
 1352              		.loc 1 261 21 view .LVU352
 261:Core/Src/ad9518.c ****                 }
 1353              		.loc 1 261 28 is_stmt 0 view .LVU353
 1354 00a6 0020     		movs	r0, #0
 1355 00a8 11E0     		b	.L82
 1356              	.LVL153:
 1357              	.L85:
 261:Core/Src/ad9518.c ****                 }
 1358              		.loc 1 261 28 view .LVU354
 1359              	.LBE14:
 1360              	.LBE12:
 237:Core/Src/ad9518.c ****         {
 1361              		.loc 1 237 33 is_stmt 1 discriminator 2 view .LVU355
 1362 00aa 0136     		adds	r6, r6, #1
 1363              	.LVL154:
 1364              	.L92:
 237:Core/Src/ad9518.c ****         {
 1365              		.loc 1 237 27 discriminator 1 view .LVU356
 1366 00ac 012E     		cmp	r6, #1
 1367 00ae 03DC     		bgt	.L98
 239:Core/Src/ad9518.c ****                 continue;
 1368              		.loc 1 239 13 view .LVU357
 239:Core/Src/ad9518.c ****                 continue;
 1369              		.loc 1 239 16 is_stmt 0 view .LVU358
 1370 00b0 012E     		cmp	r6, #1
 1371 00b2 AED0     		beq	.L99
 1372 00b4 0025     		movs	r5, #0
 1373 00b6 C3E7     		b	.L89
 1374              	.L98:
 1375              	.LBE11:
 235:Core/Src/ad9518.c ****     {
 1376              		.loc 1 235 32 is_stmt 1 discriminator 2 view .LVU359
 1377 00b8 0137     		adds	r7, r7, #1
 1378              	.LVL155:
 1379              	.L83:
 235:Core/Src/ad9518.c ****     {
 1380              		.loc 1 235 25 discriminator 1 view .LVU360
 1381 00ba 012F     		cmp	r7, #1
 1382 00bc 01DC     		bgt	.L100
 1383              	.LBB15:
 237:Core/Src/ad9518.c ****         {
 1384              		.loc 1 237 18 is_stmt 0 view .LVU361
 1385 00be 0026     		movs	r6, #0
 1386 00c0 F4E7     		b	.L92
 1387              	.L100:
 1388              	.LBE15:
 1389              	.LBE10:
 267:Core/Src/ad9518.c ****     return -1;
 1390              		.loc 1 267 5 is_stmt 1 view .LVU362
 1391 00c2 0C49     		ldr	r1, .L101+32
 1392 00c4 2046     		mov	r0, r4
 1393 00c6 FFF7FEFF 		bl	D
 1394              	.LVL156:
 268:Core/Src/ad9518.c **** }
 1395              		.loc 1 268 5 view .LVU363
ARM GAS  /var/folders/0g/t37nqzqx51l7sfxbqc44l9hw0000gn/T//ccBBrdod.s 			page 38


 268:Core/Src/ad9518.c **** }
 1396              		.loc 1 268 12 is_stmt 0 view .LVU364
 1397 00ca 4FF0FF30 		mov	r0, #-1
 1398              	.L82:
 269:Core/Src/ad9518.c **** 
 1399              		.loc 1 269 1 view .LVU365
 1400 00ce 07B0     		add	sp, sp, #28
 1401              	.LCFI19:
 1402              		.cfi_def_cfa_offset 36
 1403              		@ sp needed
 1404 00d0 BDE8F08F 		pop	{r4, r5, r6, r7, r8, r9, r10, fp, pc}
 1405              	.LVL157:
 1406              	.L102:
 269:Core/Src/ad9518.c **** 
 1407              		.loc 1 269 1 view .LVU366
 1408              		.align	2
 1409              	.L101:
 1410 00d4 10000000 		.word	.LC2
 1411 00d8 0C000000 		.word	.LC1
 1412 00dc 3C000000 		.word	.LC3
 1413 00e0 00000000 		.word	instr_name.4
 1414 00e4 00000000 		.word	wire_name.3
 1415 00e8 00000000 		.word	sample_name.2
 1416 00ec 00000000 		.word	.LC0
 1417 00f0 68000000 		.word	.LC4
 1418 00f4 90000000 		.word	.LC5
 1419              		.cfi_endproc
 1420              	.LFE15:
 1422              		.section	.rodata.ad9518_bus_diagnose.str1.4,"aMS",%progbits,1
 1423              		.align	2
 1424              	.LC6:
 1425 0000 5B646961 		.ascii	"[diagnose] SDIO drive test\015\012\000"
 1425      676E6F73 
 1425      655D2053 
 1425      44494F20 
 1425      64726976 
 1426 001d 000000   		.align	2
 1427              	.LC7:
 1428 0020 20204D43 		.ascii	"  MCU drives high -> reads %d, drives low -> reads "
 1428      55206472 
 1428      69766573 
 1428      20686967 
 1428      68202D3E 
 1429 0053 25640D0A 		.ascii	"%d\015\012\000"
 1429      00
 1430              		.align	2
 1431              	.LC8:
 1432 0058 20205344 		.ascii	"  SDIO does not follow the master. The net is short"
 1432      494F2064 
 1432      6F657320 
 1432      6E6F7420 
 1432      666F6C6C 
 1433 008b 6564206F 		.ascii	"ed or\015\012\000"
 1433      720D0A00 
 1434 0093 00       		.align	2
 1435              	.LC9:
 1436 0094 20206C6F 		.ascii	"  loaded by something else. Fix this before anythin"
ARM GAS  /var/folders/0g/t37nqzqx51l7sfxbqc44l9hw0000gn/T//ccBBrdod.s 			page 39


 1436      61646564 
 1436      20627920 
 1436      736F6D65 
 1436      7468696E 
 1437 00c7 6720656C 		.ascii	"g else.\015\012\000"
 1437      73652E0D 
 1437      0A00
 1438 00d1 000000   		.align	2
 1439              	.LC10:
 1440 00d4 20205344 		.ascii	"  SDIO follows the master when driven: net is not s"
 1440      494F2066 
 1440      6F6C6C6F 
 1440      77732074 
 1440      6865206D 
 1441 0107 686F7274 		.ascii	"horted\015\012\000"
 1441      65640D0A 
 1441      00
 1442              		.align	2
 1443              	.LC11:
 1444 0110 20207265 		.ascii	"  read with SDIO parked low  -> 0x%02X\015\012\000"
 1444      61642077 
 1444      69746820 
 1444      5344494F 
 1444      20706172 
 1445 0139 000000   		.align	2
 1446              	.LC12:
 1447 013c 20207265 		.ascii	"  read with SDIO parked high -> 0x%02X\015\012\000"
 1447      61642077 
 1447      69746820 
 1447      5344494F 
 1447      20706172 
 1448 0165 000000   		.align	2
 1449              	.LC13:
 1450 0168 20205265 		.ascii	"  Result tracks the parked level exactly.\015\012\000"
 1450      73756C74 
 1450      20747261 
 1450      636B7320 
 1450      74686520 
 1451              		.align	2
 1452              	.LC14:
 1453 0194 20205468 		.ascii	"  The line is FLOATING during the read phase - the "
 1453      65206C69 
 1453      6E652069 
 1453      7320464C 
 1453      4F415449 
 1454 01c7 41443935 		.ascii	"AD9518 is\015\012\000"
 1454      31382069 
 1454      730D0A00 
 1455 01d3 00       		.align	2
 1456              	.LC15:
 1457 01d4 20206E6F 		.ascii	"  not driving it. This is not a sampling or timing "
 1457      74206472 
 1457      6976696E 
 1457      67206974 
 1457      2E205468 
 1458 0207 70726F62 		.ascii	"problem.\015\012\000"
 1458      6C656D2E 
ARM GAS  /var/folders/0g/t37nqzqx51l7sfxbqc44l9hw0000gn/T//ccBBrdod.s 			page 40


 1458      0D0A00
 1459 0212 0000     		.align	2
 1460              	.LC16:
 1461 0214 20204C69 		.ascii	"  Likely causes, in order:\015\012\000"
 1461      6B656C79 
 1461      20636175 
 1461      7365732C 
 1461      20696E20 
 1462 0231 000000   		.align	2
 1463              	.LC17:
 1464 0234 20202020 		.ascii	"    1. A RESET or power-down pin on the part is ass"
 1464      312E2041 
 1464      20524553 
 1464      4554206F 
 1464      7220706F 
 1465 0267 65727465 		.ascii	"erted.\015\012\000"
 1465      642E0D0A 
 1465      00
 1466              		.align	2
 1467              	.LC18:
 1468 0270 20202020 		.ascii	"    2. CS is not reaching the part's CS pin (check "
 1468      322E2043 
 1468      53206973 
 1468      206E6F74 
 1468      20726561 
 1469 02a3 74686520 		.ascii	"the net,\015\012\000"
 1469      6E65742C 
 1469      0D0A00
 1470 02ae 0000     		.align	2
 1471              	.LC19:
 1472 02b0 20202020 		.ascii	"       not just the MCU pin).\015\012\000"
 1472      2020206E 
 1472      6F74206A 
 1472      75737420 
 1472      74686520 
 1473              		.align	2
 1474              	.LC20:
 1475 02d0 20202020 		.ascii	"    3. Supplies missing or out of tolerance at the "
 1475      332E2053 
 1475      7570706C 
 1475      69657320 
 1475      6D697373 
 1476 0303 70617274 		.ascii	"part.\015\012\000"
 1476      2E0D0A00 
 1477 030b 00       		.align	2
 1478              	.LC21:
 1479 030c 20202020 		.ascii	"    4. SDIO open circuit between the part and the M"
 1479      342E2053 
 1479      44494F20 
 1479      6F70656E 
 1479      20636972 
 1480 033f 43552E0D 		.ascii	"CU.\015\012\000"
 1480      0A00
 1481 0345 000000   		.align	2
 1482              	.LC22:
 1483 0348 2020426F 		.ascii	"  Both reads return 0xFF regardless of the parked l"
 1483      74682072 
ARM GAS  /var/folders/0g/t37nqzqx51l7sfxbqc44l9hw0000gn/T//ccBBrdod.s 			page 41


 1483      65616473 
 1483      20726574 
 1483      75726E20 
 1484 037b 6576656C 		.ascii	"evel.\015\012\000"
 1484      2E0D0A00 
 1485 0383 00       		.align	2
 1486              	.LC23:
 1487 0384 20205468 		.ascii	"  The net is being pulled high - either by a pull-u"
 1487      65206E65 
 1487      74206973 
 1487      20626569 
 1487      6E672070 
 1488 03b7 70207265 		.ascii	"p resistor\015\012\000"
 1488      73697374 
 1488      6F720D0A 
 1488      00
 1489              		.align	2
 1490              	.LC24:
 1491 03c4 20206F6E 		.ascii	"  on the board or by an active driver. These look i"
 1491      20746865 
 1491      20626F61 
 1491      7264206F 
 1491      72206279 
 1492 03f7 64656E74 		.ascii	"dentical\015\012\000"
 1492      6963616C 
 1492      0D0A00
 1493 0402 0000     		.align	2
 1494              	.LC25:
 1495 0404 20206672 		.ascii	"  from here, but note that if the AD9518 were drivi"
 1495      6F6D2068 
 1495      6572652C 
 1495      20627574 
 1495      206E6F74 
 1496 0437 6E672C20 		.ascii	"ng, PARTID\015\012\000"
 1496      50415254 
 1496      49440D0A 
 1496      00
 1497              		.align	2
 1498              	.LC26:
 1499 0444 2020776F 		.ascii	"  would be a real value rather than all ones. So th"
 1499      756C6420 
 1499      62652061 
 1499      20726561 
 1499      6C207661 
 1500 0477 65206D6F 		.ascii	"e most\015\012\000"
 1500      73740D0A 
 1500      00
 1501              		.align	2
 1502              	.LC27:
 1503 0480 20206C69 		.ascii	"  likely reading is: a pull-up holds the line and t"
 1503      6B656C79 
 1503      20726561 
 1503      64696E67 
 1503      2069733A 
 1504 04b3 68652070 		.ascii	"he part is\015\012\000"
 1504      61727420 
 1504      69730D0A 
ARM GAS  /var/folders/0g/t37nqzqx51l7sfxbqc44l9hw0000gn/T//ccBBrdod.s 			page 42


 1504      00
 1505              		.align	2
 1506              	.LC28:
 1507 04c0 20207374 		.ascii	"  still silent. Check for a RESET or power-down pin"
 1507      696C6C20 
 1507      73696C65 
 1507      6E742E20 
 1507      43686563 
 1508 04f3 20746861 		.ascii	" that is\015\012\000"
 1508      74206973 
 1508      0D0A00
 1509 04fe 0000     		.align	2
 1510              	.LC29:
 1511 0500 20206173 		.ascii	"  asserted, and CS continuity at the part's own pin"
 1511      73657274 
 1511      65642C20 
 1511      616E6420 
 1511      43532063 
 1512 0533 2E0D0A00 		.ascii	".\015\012\000"
 1513 0537 00       		.align	2
 1514              	.LC30:
 1515 0538 2020426F 		.ascii	"  Both reads agree (0x%02X) and ignore the parked l"
 1515      74682072 
 1515      65616473 
 1515      20616772 
 1515      65652028 
 1516 056b 6576656C 		.ascii	"evel.\015\012\000"
 1516      2E0D0A00 
 1517 0573 00       		.align	2
 1518              	.LC31:
 1519 0574 2020536F 		.ascii	"  Something is actively driving the line with real "
 1519      6D657468 
 1519      696E6720 
 1519      69732061 
 1519      63746976 
 1520 05a7 64617461 		.ascii	"data, so\015\012\000"
 1520      2C20736F 
 1520      0D0A00
 1521 05b2 0000     		.align	2
 1522              	.LC32:
 1523 05b4 20207468 		.ascii	"  the part is responding. Suspect sample phase, bit"
 1523      65207061 
 1523      72742069 
 1523      73207265 
 1523      73706F6E 
 1524 05e7 206F7264 		.ascii	" order or\015\012\000"
 1524      6572206F 
 1524      720D0A00 
 1525 05f3 00       		.align	2
 1526              	.LC33:
 1527 05f4 2020696E 		.ascii	"  instruction framing rather than wiring.\015\012\000"
 1527      73747275 
 1527      6374696F 
 1527      6E206672 
 1527      616D696E 
 1528              		.align	2
 1529              	.LC34:
ARM GAS  /var/folders/0g/t37nqzqx51l7sfxbqc44l9hw0000gn/T//ccBBrdod.s 			page 43


 1530 0620 20204D69 		.ascii	"  Mixed result: partially driven, partially floatin"
 1530      78656420 
 1530      72657375 
 1530      6C743A20 
 1530      70617274 
 1531 0653 672E0D0A 		.ascii	"g.\015\012\000"
 1531      00
 1532              		.align	2
 1533              	.LC35:
 1534 0658 20205375 		.ascii	"  Suspect marginal drive strength, a series resisto"
 1534      73706563 
 1534      74206D61 
 1534      7267696E 
 1534      616C2064 
 1535 068b 72207468 		.ascii	"r that is\015\012\000"
 1535      61742069 
 1535      730D0A00 
 1536 0697 00       		.align	2
 1537              	.LC36:
 1538 0698 2020746F 		.ascii	"  too large, or excessive capacitance. Try a slower"
 1538      6F206C61 
 1538      7267652C 
 1538      206F7220 
 1538      65786365 
 1539 06cb 20627573 		.ascii	" bus with\015\012\000"
 1539      20776974 
 1539      680D0A00 
 1540 06d7 00       		.align	2
 1541              	.LC37:
 1542 06d8 20206164 		.ascii	"  ad9518_port_set_bit_delay().\015\012\000"
 1542      39353138 
 1542      5F706F72 
 1542      745F7365 
 1542      745F6269 
 1543              		.section	.text.ad9518_bus_diagnose,"ax",%progbits
 1544              		.align	1
 1545              		.global	ad9518_bus_diagnose
 1546              		.syntax unified
 1547              		.thumb
 1548              		.thumb_func
 1550              	ad9518_bus_diagnose:
 1551              	.LVL158:
 1552              	.LFB16:
 282:Core/Src/ad9518.c ****     uint8_t lo = 0, hi = 0;
 1553              		.loc 1 282 1 is_stmt 1 view -0
 1554              		.cfi_startproc
 1555              		@ args = 0, pretend = 0, frame = 8
 1556              		@ frame_needed = 0, uses_anonymous_args = 0
 282:Core/Src/ad9518.c ****     uint8_t lo = 0, hi = 0;
 1557              		.loc 1 282 1 is_stmt 0 view .LVU368
 1558 0000 70B5     		push	{r4, r5, r6, lr}
 1559              	.LCFI20:
 1560              		.cfi_def_cfa_offset 16
 1561              		.cfi_offset 4, -16
 1562              		.cfi_offset 5, -12
 1563              		.cfi_offset 6, -8
 1564              		.cfi_offset 14, -4
ARM GAS  /var/folders/0g/t37nqzqx51l7sfxbqc44l9hw0000gn/T//ccBBrdod.s 			page 44


 1565 0002 82B0     		sub	sp, sp, #8
 1566              	.LCFI21:
 1567              		.cfi_def_cfa_offset 24
 1568 0004 0446     		mov	r4, r0
 283:Core/Src/ad9518.c **** 
 1569              		.loc 1 283 5 is_stmt 1 view .LVU369
 283:Core/Src/ad9518.c **** 
 1570              		.loc 1 283 13 is_stmt 0 view .LVU370
 1571 0006 0026     		movs	r6, #0
 1572 0008 8DF80760 		strb	r6, [sp, #7]
 283:Core/Src/ad9518.c **** 
 1573              		.loc 1 283 21 view .LVU371
 1574 000c 8DF80660 		strb	r6, [sp, #6]
 285:Core/Src/ad9518.c **** 
 1575              		.loc 1 285 5 is_stmt 1 view .LVU372
 1576 0010 5F49     		ldr	r1, .L115
 1577 0012 FFF7FEFF 		bl	D
 1578              	.LVL159:
 289:Core/Src/ad9518.c ****     d->sdio(1);
 1579              		.loc 1 289 5 view .LVU373
 289:Core/Src/ad9518.c ****     d->sdio(1);
 1580              		.loc 1 289 6 is_stmt 0 view .LVU374
 1581 0016 E368     		ldr	r3, [r4, #12]
 289:Core/Src/ad9518.c ****     d->sdio(1);
 1582              		.loc 1 289 5 view .LVU375
 1583 0018 0120     		movs	r0, #1
 1584 001a 9847     		blx	r3
 1585              	.LVL160:
 290:Core/Src/ad9518.c ****     d->bit_delay();
 1586              		.loc 1 290 5 is_stmt 1 view .LVU376
 290:Core/Src/ad9518.c ****     d->bit_delay();
 1587              		.loc 1 290 6 is_stmt 0 view .LVU377
 1588 001c A368     		ldr	r3, [r4, #8]
 290:Core/Src/ad9518.c ****     d->bit_delay();
 1589              		.loc 1 290 5 view .LVU378
 1590 001e 0120     		movs	r0, #1
 1591 0020 9847     		blx	r3
 1592              	.LVL161:
 291:Core/Src/ad9518.c ****     int reads_high = d->sdio_read();
 1593              		.loc 1 291 5 is_stmt 1 view .LVU379
 291:Core/Src/ad9518.c ****     int reads_high = d->sdio_read();
 1594              		.loc 1 291 6 is_stmt 0 view .LVU380
 1595 0022 A369     		ldr	r3, [r4, #24]
 291:Core/Src/ad9518.c ****     int reads_high = d->sdio_read();
 1596              		.loc 1 291 5 view .LVU381
 1597 0024 9847     		blx	r3
 1598              	.LVL162:
 292:Core/Src/ad9518.c ****     d->sdio(0);
 1599              		.loc 1 292 5 is_stmt 1 view .LVU382
 292:Core/Src/ad9518.c ****     d->sdio(0);
 1600              		.loc 1 292 23 is_stmt 0 view .LVU383
 1601 0026 2369     		ldr	r3, [r4, #16]
 292:Core/Src/ad9518.c ****     d->sdio(0);
 1602              		.loc 1 292 22 view .LVU384
 1603 0028 9847     		blx	r3
 1604              	.LVL163:
 1605 002a 0546     		mov	r5, r0
ARM GAS  /var/folders/0g/t37nqzqx51l7sfxbqc44l9hw0000gn/T//ccBBrdod.s 			page 45


 1606              	.LVL164:
 293:Core/Src/ad9518.c ****     d->bit_delay();
 1607              		.loc 1 293 5 is_stmt 1 view .LVU385
 293:Core/Src/ad9518.c ****     d->bit_delay();
 1608              		.loc 1 293 6 is_stmt 0 view .LVU386
 1609 002c A368     		ldr	r3, [r4, #8]
 293:Core/Src/ad9518.c ****     d->bit_delay();
 1610              		.loc 1 293 5 view .LVU387
 1611 002e 3046     		mov	r0, r6
 1612              	.LVL165:
 293:Core/Src/ad9518.c ****     d->bit_delay();
 1613              		.loc 1 293 5 view .LVU388
 1614 0030 9847     		blx	r3
 1615              	.LVL166:
 294:Core/Src/ad9518.c ****     int reads_low = d->sdio_read();
 1616              		.loc 1 294 5 is_stmt 1 view .LVU389
 294:Core/Src/ad9518.c ****     int reads_low = d->sdio_read();
 1617              		.loc 1 294 6 is_stmt 0 view .LVU390
 1618 0032 A369     		ldr	r3, [r4, #24]
 294:Core/Src/ad9518.c ****     int reads_low = d->sdio_read();
 1619              		.loc 1 294 5 view .LVU391
 1620 0034 9847     		blx	r3
 1621              	.LVL167:
 295:Core/Src/ad9518.c ****     d->sdio_dir(1);
 1622              		.loc 1 295 5 is_stmt 1 view .LVU392
 295:Core/Src/ad9518.c ****     d->sdio_dir(1);
 1623              		.loc 1 295 22 is_stmt 0 view .LVU393
 1624 0036 2369     		ldr	r3, [r4, #16]
 295:Core/Src/ad9518.c ****     d->sdio_dir(1);
 1625              		.loc 1 295 21 view .LVU394
 1626 0038 9847     		blx	r3
 1627              	.LVL168:
 1628 003a 0646     		mov	r6, r0
 1629              	.LVL169:
 296:Core/Src/ad9518.c **** 
 1630              		.loc 1 296 5 is_stmt 1 view .LVU395
 296:Core/Src/ad9518.c **** 
 1631              		.loc 1 296 6 is_stmt 0 view .LVU396
 1632 003c E368     		ldr	r3, [r4, #12]
 296:Core/Src/ad9518.c **** 
 1633              		.loc 1 296 5 view .LVU397
 1634 003e 0120     		movs	r0, #1
 1635              	.LVL170:
 296:Core/Src/ad9518.c **** 
 1636              		.loc 1 296 5 view .LVU398
 1637 0040 9847     		blx	r3
 1638              	.LVL171:
 298:Core/Src/ad9518.c ****     {
 1639              		.loc 1 298 5 is_stmt 1 view .LVU399
 298:Core/Src/ad9518.c ****     {
 1640              		.loc 1 298 8 is_stmt 0 view .LVU400
 1641 0042 05B1     		cbz	r5, .L104
 298:Core/Src/ad9518.c ****     {
 1642              		.loc 1 298 21 discriminator 1 view .LVU401
 1643 0044 7EB1     		cbz	r6, .L105
 1644              	.L104:
 300:Core/Src/ad9518.c ****            reads_high, reads_low);
ARM GAS  /var/folders/0g/t37nqzqx51l7sfxbqc44l9hw0000gn/T//ccBBrdod.s 			page 46


 1645              		.loc 1 300 9 is_stmt 1 view .LVU402
 1646 0046 3346     		mov	r3, r6
 1647 0048 2A46     		mov	r2, r5
 1648 004a 5249     		ldr	r1, .L115+4
 1649 004c 2046     		mov	r0, r4
 1650 004e FFF7FEFF 		bl	Df
 1651              	.LVL172:
 302:Core/Src/ad9518.c ****         D(d, "  loaded by something else. Fix this before anything else.\r\n");
 1652              		.loc 1 302 9 view .LVU403
 1653 0052 5149     		ldr	r1, .L115+8
 1654 0054 2046     		mov	r0, r4
 1655 0056 FFF7FEFF 		bl	D
 1656              	.LVL173:
 303:Core/Src/ad9518.c ****         return;
 1657              		.loc 1 303 9 view .LVU404
 1658 005a 5049     		ldr	r1, .L115+12
 1659 005c 2046     		mov	r0, r4
 1660 005e FFF7FEFF 		bl	D
 1661              	.LVL174:
 304:Core/Src/ad9518.c ****     }
 1662              		.loc 1 304 9 view .LVU405
 1663              	.L103:
 351:Core/Src/ad9518.c **** 
 1664              		.loc 1 351 1 is_stmt 0 view .LVU406
 1665 0062 02B0     		add	sp, sp, #8
 1666              	.LCFI22:
 1667              		.cfi_remember_state
 1668              		.cfi_def_cfa_offset 16
 1669              		@ sp needed
 1670 0064 70BD     		pop	{r4, r5, r6, pc}
 1671              	.LVL175:
 1672              	.L105:
 1673              	.LCFI23:
 1674              		.cfi_restore_state
 306:Core/Src/ad9518.c **** 
 1675              		.loc 1 306 5 is_stmt 1 view .LVU407
 1676 0066 4E49     		ldr	r1, .L115+16
 1677 0068 2046     		mov	r0, r4
 1678 006a FFF7FEFF 		bl	D
 1679              	.LVL176:
 308:Core/Src/ad9518.c ****     read_parked(d, AD9518_PARTID, &hi, 1);
 1680              		.loc 1 308 5 view .LVU408
 1681 006e 0023     		movs	r3, #0
 1682 0070 0DF10702 		add	r2, sp, #7
 1683 0074 0321     		movs	r1, #3
 1684 0076 2046     		mov	r0, r4
 1685 0078 FFF7FEFF 		bl	read_parked
 1686              	.LVL177:
 309:Core/Src/ad9518.c **** 
 1687              		.loc 1 309 5 view .LVU409
 1688 007c 0123     		movs	r3, #1
 1689 007e 0DF10602 		add	r2, sp, #6
 1690 0082 0321     		movs	r1, #3
 1691 0084 2046     		mov	r0, r4
 1692 0086 FFF7FEFF 		bl	read_parked
 1693              	.LVL178:
 311:Core/Src/ad9518.c ****     Df(d, "  read with SDIO parked high -> 0x%02X\r\n", hi);
ARM GAS  /var/folders/0g/t37nqzqx51l7sfxbqc44l9hw0000gn/T//ccBBrdod.s 			page 47


 1694              		.loc 1 311 5 view .LVU410
 1695 008a 9DF80720 		ldrb	r2, [sp, #7]	@ zero_extendqisi2
 1696 008e 4549     		ldr	r1, .L115+20
 1697 0090 2046     		mov	r0, r4
 1698 0092 FFF7FEFF 		bl	Df
 1699              	.LVL179:
 312:Core/Src/ad9518.c **** 
 1700              		.loc 1 312 5 view .LVU411
 1701 0096 9DF80620 		ldrb	r2, [sp, #6]	@ zero_extendqisi2
 1702 009a 4349     		ldr	r1, .L115+24
 1703 009c 2046     		mov	r0, r4
 1704 009e FFF7FEFF 		bl	Df
 1705              	.LVL180:
 314:Core/Src/ad9518.c ****     {
 1706              		.loc 1 314 5 view .LVU412
 314:Core/Src/ad9518.c ****     {
 1707              		.loc 1 314 12 is_stmt 0 view .LVU413
 1708 00a2 9DF80720 		ldrb	r2, [sp, #7]	@ zero_extendqisi2
 314:Core/Src/ad9518.c ****     {
 1709              		.loc 1 314 8 view .LVU414
 1710 00a6 1AB9     		cbnz	r2, .L107
 314:Core/Src/ad9518.c ****     {
 1711              		.loc 1 314 26 discriminator 1 view .LVU415
 1712 00a8 9DF80630 		ldrb	r3, [sp, #6]	@ zero_extendqisi2
 314:Core/Src/ad9518.c ****     {
 1713              		.loc 1 314 20 discriminator 1 view .LVU416
 1714 00ac FF2B     		cmp	r3, #255
 1715 00ae 16D0     		beq	.L112
 1716              	.L107:
 326:Core/Src/ad9518.c ****     {
 1717              		.loc 1 326 10 is_stmt 1 view .LVU417
 326:Core/Src/ad9518.c ****     {
 1718              		.loc 1 326 17 is_stmt 0 view .LVU418
 1719 00b0 9DF80630 		ldrb	r3, [sp, #6]	@ zero_extendqisi2
 326:Core/Src/ad9518.c ****     {
 1720              		.loc 1 326 13 view .LVU419
 1721 00b4 9A42     		cmp	r2, r3
 1722 00b6 37D0     		beq	.L113
 1723              	.L109:
 337:Core/Src/ad9518.c ****     {
 1724              		.loc 1 337 10 is_stmt 1 view .LVU420
 337:Core/Src/ad9518.c ****     {
 1725              		.loc 1 337 13 is_stmt 0 view .LVU421
 1726 00b8 9A42     		cmp	r2, r3
 1727 00ba 58D0     		beq	.L114
 346:Core/Src/ad9518.c ****         D(d, "  Suspect marginal drive strength, a series resistor that is\r\n");
 1728              		.loc 1 346 9 is_stmt 1 view .LVU422
 1729 00bc 3B49     		ldr	r1, .L115+28
 1730 00be 2046     		mov	r0, r4
 1731 00c0 FFF7FEFF 		bl	D
 1732              	.LVL181:
 347:Core/Src/ad9518.c ****         D(d, "  too large, or excessive capacitance. Try a slower bus with\r\n");
 1733              		.loc 1 347 9 view .LVU423
 1734 00c4 3A49     		ldr	r1, .L115+32
 1735 00c6 2046     		mov	r0, r4
 1736 00c8 FFF7FEFF 		bl	D
 1737              	.LVL182:
ARM GAS  /var/folders/0g/t37nqzqx51l7sfxbqc44l9hw0000gn/T//ccBBrdod.s 			page 48


 348:Core/Src/ad9518.c ****         D(d, "  ad9518_port_set_bit_delay().\r\n");
 1738              		.loc 1 348 9 view .LVU424
 1739 00cc 3949     		ldr	r1, .L115+36
 1740 00ce 2046     		mov	r0, r4
 1741 00d0 FFF7FEFF 		bl	D
 1742              	.LVL183:
 349:Core/Src/ad9518.c ****     }
 1743              		.loc 1 349 9 view .LVU425
 1744 00d4 3849     		ldr	r1, .L115+40
 1745 00d6 2046     		mov	r0, r4
 1746 00d8 FFF7FEFF 		bl	D
 1747              	.LVL184:
 1748 00dc C1E7     		b	.L103
 1749              	.L112:
 316:Core/Src/ad9518.c ****         D(d, "  The line is FLOATING during the read phase - the AD9518 is\r\n");
 1750              		.loc 1 316 9 view .LVU426
 1751 00de 3749     		ldr	r1, .L115+44
 1752 00e0 2046     		mov	r0, r4
 1753 00e2 FFF7FEFF 		bl	D
 1754              	.LVL185:
 317:Core/Src/ad9518.c ****         D(d, "  not driving it. This is not a sampling or timing problem.\r\n");
 1755              		.loc 1 317 9 view .LVU427
 1756 00e6 3649     		ldr	r1, .L115+48
 1757 00e8 2046     		mov	r0, r4
 1758 00ea FFF7FEFF 		bl	D
 1759              	.LVL186:
 318:Core/Src/ad9518.c ****         D(d, "  Likely causes, in order:\r\n");
 1760              		.loc 1 318 9 view .LVU428
 1761 00ee 3549     		ldr	r1, .L115+52
 1762 00f0 2046     		mov	r0, r4
 1763 00f2 FFF7FEFF 		bl	D
 1764              	.LVL187:
 319:Core/Src/ad9518.c ****         D(d, "    1. A RESET or power-down pin on the part is asserted.\r\n");
 1765              		.loc 1 319 9 view .LVU429
 1766 00f6 3449     		ldr	r1, .L115+56
 1767 00f8 2046     		mov	r0, r4
 1768 00fa FFF7FEFF 		bl	D
 1769              	.LVL188:
 320:Core/Src/ad9518.c ****         D(d, "    2. CS is not reaching the part's CS pin (check the net,\r\n");
 1770              		.loc 1 320 9 view .LVU430
 1771 00fe 3349     		ldr	r1, .L115+60
 1772 0100 2046     		mov	r0, r4
 1773 0102 FFF7FEFF 		bl	D
 1774              	.LVL189:
 321:Core/Src/ad9518.c ****         D(d, "       not just the MCU pin).\r\n");
 1775              		.loc 1 321 9 view .LVU431
 1776 0106 3249     		ldr	r1, .L115+64
 1777 0108 2046     		mov	r0, r4
 1778 010a FFF7FEFF 		bl	D
 1779              	.LVL190:
 322:Core/Src/ad9518.c ****         D(d, "    3. Supplies missing or out of tolerance at the part.\r\n");
 1780              		.loc 1 322 9 view .LVU432
 1781 010e 3149     		ldr	r1, .L115+68
 1782 0110 2046     		mov	r0, r4
 1783 0112 FFF7FEFF 		bl	D
 1784              	.LVL191:
 323:Core/Src/ad9518.c ****         D(d, "    4. SDIO open circuit between the part and the MCU.\r\n");
ARM GAS  /var/folders/0g/t37nqzqx51l7sfxbqc44l9hw0000gn/T//ccBBrdod.s 			page 49


 1785              		.loc 1 323 9 view .LVU433
 1786 0116 3049     		ldr	r1, .L115+72
 1787 0118 2046     		mov	r0, r4
 1788 011a FFF7FEFF 		bl	D
 1789              	.LVL192:
 324:Core/Src/ad9518.c ****     }
 1790              		.loc 1 324 9 view .LVU434
 1791 011e 2F49     		ldr	r1, .L115+76
 1792 0120 2046     		mov	r0, r4
 1793 0122 FFF7FEFF 		bl	D
 1794              	.LVL193:
 1795 0126 9CE7     		b	.L103
 1796              	.L113:
 326:Core/Src/ad9518.c ****     {
 1797              		.loc 1 326 23 is_stmt 0 discriminator 1 view .LVU435
 1798 0128 FF2A     		cmp	r2, #255
 1799 012a C5D1     		bne	.L109
 328:Core/Src/ad9518.c ****         D(d, "  The net is being pulled high - either by a pull-up resistor\r\n");
 1800              		.loc 1 328 9 is_stmt 1 view .LVU436
 1801 012c 2C49     		ldr	r1, .L115+80
 1802 012e 2046     		mov	r0, r4
 1803 0130 FFF7FEFF 		bl	D
 1804              	.LVL194:
 329:Core/Src/ad9518.c ****         D(d, "  on the board or by an active driver. These look identical\r\n");
 1805              		.loc 1 329 9 view .LVU437
 1806 0134 2B49     		ldr	r1, .L115+84
 1807 0136 2046     		mov	r0, r4
 1808 0138 FFF7FEFF 		bl	D
 1809              	.LVL195:
 330:Core/Src/ad9518.c ****         D(d, "  from here, but note that if the AD9518 were driving, PARTID\r\n");
 1810              		.loc 1 330 9 view .LVU438
 1811 013c 2A49     		ldr	r1, .L115+88
 1812 013e 2046     		mov	r0, r4
 1813 0140 FFF7FEFF 		bl	D
 1814              	.LVL196:
 331:Core/Src/ad9518.c ****         D(d, "  would be a real value rather than all ones. So the most\r\n");
 1815              		.loc 1 331 9 view .LVU439
 1816 0144 2949     		ldr	r1, .L115+92
 1817 0146 2046     		mov	r0, r4
 1818 0148 FFF7FEFF 		bl	D
 1819              	.LVL197:
 332:Core/Src/ad9518.c ****         D(d, "  likely reading is: a pull-up holds the line and the part is\r\n");
 1820              		.loc 1 332 9 view .LVU440
 1821 014c 2849     		ldr	r1, .L115+96
 1822 014e 2046     		mov	r0, r4
 1823 0150 FFF7FEFF 		bl	D
 1824              	.LVL198:
 333:Core/Src/ad9518.c ****         D(d, "  still silent. Check for a RESET or power-down pin that is\r\n");
 1825              		.loc 1 333 9 view .LVU441
 1826 0154 2749     		ldr	r1, .L115+100
 1827 0156 2046     		mov	r0, r4
 1828 0158 FFF7FEFF 		bl	D
 1829              	.LVL199:
 334:Core/Src/ad9518.c ****         D(d, "  asserted, and CS continuity at the part's own pin.\r\n");
 1830              		.loc 1 334 9 view .LVU442
 1831 015c 2649     		ldr	r1, .L115+104
 1832 015e 2046     		mov	r0, r4
ARM GAS  /var/folders/0g/t37nqzqx51l7sfxbqc44l9hw0000gn/T//ccBBrdod.s 			page 50


 1833 0160 FFF7FEFF 		bl	D
 1834              	.LVL200:
 335:Core/Src/ad9518.c ****     }
 1835              		.loc 1 335 9 view .LVU443
 1836 0164 2549     		ldr	r1, .L115+108
 1837 0166 2046     		mov	r0, r4
 1838 0168 FFF7FEFF 		bl	D
 1839              	.LVL201:
 1840 016c 79E7     		b	.L103
 1841              	.L114:
 339:Core/Src/ad9518.c ****         D(d, "  Something is actively driving the line with real data, so\r\n");
 1842              		.loc 1 339 9 view .LVU444
 1843 016e 2449     		ldr	r1, .L115+112
 1844 0170 2046     		mov	r0, r4
 1845 0172 FFF7FEFF 		bl	Df
 1846              	.LVL202:
 340:Core/Src/ad9518.c ****         D(d, "  the part is responding. Suspect sample phase, bit order or\r\n");
 1847              		.loc 1 340 9 view .LVU445
 1848 0176 2349     		ldr	r1, .L115+116
 1849 0178 2046     		mov	r0, r4
 1850 017a FFF7FEFF 		bl	D
 1851              	.LVL203:
 341:Core/Src/ad9518.c ****         D(d, "  instruction framing rather than wiring.\r\n");
 1852              		.loc 1 341 9 view .LVU446
 1853 017e 2249     		ldr	r1, .L115+120
 1854 0180 2046     		mov	r0, r4
 1855 0182 FFF7FEFF 		bl	D
 1856              	.LVL204:
 342:Core/Src/ad9518.c ****     }
 1857              		.loc 1 342 9 view .LVU447
 1858 0186 2149     		ldr	r1, .L115+124
 1859 0188 2046     		mov	r0, r4
 1860 018a FFF7FEFF 		bl	D
 1861              	.LVL205:
 1862 018e 68E7     		b	.L103
 1863              	.L116:
 1864              		.align	2
 1865              	.L115:
 1866 0190 00000000 		.word	.LC6
 1867 0194 20000000 		.word	.LC7
 1868 0198 58000000 		.word	.LC8
 1869 019c 94000000 		.word	.LC9
 1870 01a0 D4000000 		.word	.LC10
 1871 01a4 10010000 		.word	.LC11
 1872 01a8 3C010000 		.word	.LC12
 1873 01ac 20060000 		.word	.LC34
 1874 01b0 58060000 		.word	.LC35
 1875 01b4 98060000 		.word	.LC36
 1876 01b8 D8060000 		.word	.LC37
 1877 01bc 68010000 		.word	.LC13
 1878 01c0 94010000 		.word	.LC14
 1879 01c4 D4010000 		.word	.LC15
 1880 01c8 14020000 		.word	.LC16
 1881 01cc 34020000 		.word	.LC17
 1882 01d0 70020000 		.word	.LC18
 1883 01d4 B0020000 		.word	.LC19
 1884 01d8 D0020000 		.word	.LC20
ARM GAS  /var/folders/0g/t37nqzqx51l7sfxbqc44l9hw0000gn/T//ccBBrdod.s 			page 51


 1885 01dc 0C030000 		.word	.LC21
 1886 01e0 48030000 		.word	.LC22
 1887 01e4 84030000 		.word	.LC23
 1888 01e8 C4030000 		.word	.LC24
 1889 01ec 04040000 		.word	.LC25
 1890 01f0 44040000 		.word	.LC26
 1891 01f4 80040000 		.word	.LC27
 1892 01f8 C0040000 		.word	.LC28
 1893 01fc 00050000 		.word	.LC29
 1894 0200 38050000 		.word	.LC30
 1895 0204 74050000 		.word	.LC31
 1896 0208 B4050000 		.word	.LC32
 1897 020c F4050000 		.word	.LC33
 1898              		.cfi_endproc
 1899              	.LFE16:
 1901              		.section	.rodata.ad9518_bus_selftest.str1.4,"aMS",%progbits,1
 1902              		.align	2
 1903              	.LC38:
 1904 0000 6F6B00   		.ascii	"ok\000"
 1905 0003 00       		.align	2
 1906              	.LC39:
 1907 0004 4641494C 		.ascii	"FAIL\000"
 1907      00
 1908 0009 000000   		.align	2
 1909              	.LC40:
 1910 000c 5B73656C 		.ascii	"[selftest] write/readback patterns to 0x017\015\012"
 1910      66746573 
 1910      745D2077 
 1910      72697465 
 1910      2F726561 
 1911 0039 00       		.ascii	"\000"
 1912 003a 0000     		.align	2
 1913              	.LC41:
 1914 003c 20207772 		.ascii	"  wrote 0x%02X read 0x%02X %s\015\012\000"
 1914      6F746520 
 1914      30782530 
 1914      32582072 
 1914      65616420 
 1915              		.align	2
 1916              	.LC42:
 1917 005c 5B73656C 		.ascii	"[selftest] %d/%u patterns failed\015\012\000"
 1917      66746573 
 1917      745D2025 
 1917      642F2575 
 1917      20706174 
 1918 007f 00       		.align	2
 1919              	.LC43:
 1920 0080 5B73656C 		.ascii	"[selftest] bus round-trips correctly\015\012\000"
 1920      66746573 
 1920      745D2062 
 1920      75732072 
 1920      6F756E64 
 1921              		.section	.text.ad9518_bus_selftest,"ax",%progbits
 1922              		.align	1
 1923              		.global	ad9518_bus_selftest
 1924              		.syntax unified
 1925              		.thumb
ARM GAS  /var/folders/0g/t37nqzqx51l7sfxbqc44l9hw0000gn/T//ccBBrdod.s 			page 52


 1926              		.thumb_func
 1928              	ad9518_bus_selftest:
 1929              	.LVL206:
 1930              	.LFB17:
 354:Core/Src/ad9518.c ****     /* PLL2 (0x017) is a benign scratch location: it holds no critical
 1931              		.loc 1 354 1 view -0
 1932              		.cfi_startproc
 1933              		@ args = 0, pretend = 0, frame = 8
 1934              		@ frame_needed = 0, uses_anonymous_args = 0
 354:Core/Src/ad9518.c ****     /* PLL2 (0x017) is a benign scratch location: it holds no critical
 1935              		.loc 1 354 1 is_stmt 0 view .LVU449
 1936 0000 F0B5     		push	{r4, r5, r6, r7, lr}
 1937              	.LCFI24:
 1938              		.cfi_def_cfa_offset 20
 1939              		.cfi_offset 4, -20
 1940              		.cfi_offset 5, -16
 1941              		.cfi_offset 6, -12
 1942              		.cfi_offset 7, -8
 1943              		.cfi_offset 14, -4
 1944 0002 85B0     		sub	sp, sp, #20
 1945              	.LCFI25:
 1946              		.cfi_def_cfa_offset 40
 1947 0004 0446     		mov	r4, r0
 357:Core/Src/ad9518.c ****     int fails = 0;
 1948              		.loc 1 357 5 is_stmt 1 view .LVU450
 358:Core/Src/ad9518.c **** 
 1949              		.loc 1 358 5 view .LVU451
 1950              	.LVL207:
 360:Core/Src/ad9518.c ****     for (unsigned i = 0; i < sizeof(patterns); i++)
 1951              		.loc 1 360 5 view .LVU452
 1952 0006 2449     		ldr	r1, .L130
 1953 0008 FFF7FEFF 		bl	D
 1954              	.LVL208:
 361:Core/Src/ad9518.c ****     {
 1955              		.loc 1 361 5 view .LVU453
 1956              	.LBB16:
 361:Core/Src/ad9518.c ****     {
 1957              		.loc 1 361 10 view .LVU454
 361:Core/Src/ad9518.c ****     {
 1958              		.loc 1 361 19 is_stmt 0 view .LVU455
 1959 000c 0026     		movs	r6, #0
 1960              	.LBE16:
 358:Core/Src/ad9518.c **** 
 1961              		.loc 1 358 9 view .LVU456
 1962 000e 3746     		mov	r7, r6
 1963              	.LBB19:
 361:Core/Src/ad9518.c ****     {
 1964              		.loc 1 361 5 view .LVU457
 1965 0010 0CE0     		b	.L118
 1966              	.LVL209:
 1967              	.L128:
 1968              	.LBB17:
 367:Core/Src/ad9518.c ****            patterns[i], got, (got == patterns[i]) ? "ok" : "FAIL");
 1969              		.loc 1 367 9 discriminator 1 view .LVU458
 1970 0012 224A     		ldr	r2, .L130+4
 1971              	.L119:
 367:Core/Src/ad9518.c ****            patterns[i], got, (got == patterns[i]) ? "ok" : "FAIL");
ARM GAS  /var/folders/0g/t37nqzqx51l7sfxbqc44l9hw0000gn/T//ccBBrdod.s 			page 53


 1972              		.loc 1 367 9 discriminator 4 view .LVU459
 1973 0014 0092     		str	r2, [sp]
 1974 0016 2A46     		mov	r2, r5
 1975 0018 2149     		ldr	r1, .L130+8
 1976 001a 2046     		mov	r0, r4
 1977 001c FFF7FEFF 		bl	Df
 1978              	.LVL210:
 369:Core/Src/ad9518.c ****             fails++;
 1979              		.loc 1 369 9 is_stmt 1 view .LVU460
 369:Core/Src/ad9518.c ****             fails++;
 1980              		.loc 1 369 17 is_stmt 0 view .LVU461
 1981 0020 9DF80F30 		ldrb	r3, [sp, #15]	@ zero_extendqisi2
 369:Core/Src/ad9518.c ****             fails++;
 1982              		.loc 1 369 12 view .LVU462
 1983 0024 9D42     		cmp	r5, r3
 1984 0026 00D0     		beq	.L120
 370:Core/Src/ad9518.c ****     }
 1985              		.loc 1 370 13 is_stmt 1 view .LVU463
 370:Core/Src/ad9518.c ****     }
 1986              		.loc 1 370 18 is_stmt 0 view .LVU464
 1987 0028 0137     		adds	r7, r7, #1
 1988              	.LVL211:
 1989              	.L120:
 370:Core/Src/ad9518.c ****     }
 1990              		.loc 1 370 18 view .LVU465
 1991              	.LBE17:
 361:Core/Src/ad9518.c ****     {
 1992              		.loc 1 361 49 is_stmt 1 discriminator 2 view .LVU466
 1993 002a 0136     		adds	r6, r6, #1
 1994              	.LVL212:
 1995              	.L118:
 361:Core/Src/ad9518.c ****     {
 1996              		.loc 1 361 28 discriminator 1 view .LVU467
 1997 002c 042E     		cmp	r6, #4
 1998 002e 18D8     		bhi	.L127
 1999              	.LBB18:
 363:Core/Src/ad9518.c ****         ad9518_write(d, AD9518_PLL2, patterns[i]);
 2000              		.loc 1 363 9 view .LVU468
 363:Core/Src/ad9518.c ****         ad9518_write(d, AD9518_PLL2, patterns[i]);
 2001              		.loc 1 363 17 is_stmt 0 view .LVU469
 2002 0030 0023     		movs	r3, #0
 2003 0032 8DF80F30 		strb	r3, [sp, #15]
 364:Core/Src/ad9518.c ****         ad9518_transfer(d);
 2004              		.loc 1 364 9 is_stmt 1 view .LVU470
 364:Core/Src/ad9518.c ****         ad9518_transfer(d);
 2005              		.loc 1 364 46 is_stmt 0 view .LVU471
 2006 0036 1B4B     		ldr	r3, .L130+12
 2007 0038 9D5D     		ldrb	r5, [r3, r6]	@ zero_extendqisi2
 364:Core/Src/ad9518.c ****         ad9518_transfer(d);
 2008              		.loc 1 364 9 view .LVU472
 2009 003a 2A46     		mov	r2, r5
 2010 003c 1721     		movs	r1, #23
 2011 003e 2046     		mov	r0, r4
 2012 0040 FFF7FEFF 		bl	ad9518_write
 2013              	.LVL213:
 365:Core/Src/ad9518.c ****         ad9518_read(d, AD9518_PLL2, &got);
 2014              		.loc 1 365 9 is_stmt 1 view .LVU473
ARM GAS  /var/folders/0g/t37nqzqx51l7sfxbqc44l9hw0000gn/T//ccBBrdod.s 			page 54


 2015 0044 2046     		mov	r0, r4
 2016 0046 FFF7FEFF 		bl	ad9518_transfer
 2017              	.LVL214:
 366:Core/Src/ad9518.c ****         Df(d, "  wrote 0x%02X read 0x%02X %s\r\n",
 2018              		.loc 1 366 9 view .LVU474
 2019 004a 0DF10F02 		add	r2, sp, #15
 2020 004e 1721     		movs	r1, #23
 2021 0050 2046     		mov	r0, r4
 2022 0052 FFF7FEFF 		bl	ad9518_read
 2023              	.LVL215:
 367:Core/Src/ad9518.c ****            patterns[i], got, (got == patterns[i]) ? "ok" : "FAIL");
 2024              		.loc 1 367 9 view .LVU475
 2025 0056 9DF80F30 		ldrb	r3, [sp, #15]	@ zero_extendqisi2
 2026 005a 9D42     		cmp	r5, r3
 2027 005c D9D0     		beq	.L128
 367:Core/Src/ad9518.c ****            patterns[i], got, (got == patterns[i]) ? "ok" : "FAIL");
 2028              		.loc 1 367 9 is_stmt 0 discriminator 2 view .LVU476
 2029 005e 124A     		ldr	r2, .L130+16
 2030 0060 D8E7     		b	.L119
 2031              	.L127:
 367:Core/Src/ad9518.c ****            patterns[i], got, (got == patterns[i]) ? "ok" : "FAIL");
 2032              		.loc 1 367 9 discriminator 2 view .LVU477
 2033              	.LBE18:
 2034              	.LBE19:
 372:Core/Src/ad9518.c ****     ad9518_transfer(d);
 2035              		.loc 1 372 5 is_stmt 1 view .LVU478
 2036 0062 0022     		movs	r2, #0
 2037 0064 1721     		movs	r1, #23
 2038 0066 2046     		mov	r0, r4
 2039 0068 FFF7FEFF 		bl	ad9518_write
 2040              	.LVL216:
 373:Core/Src/ad9518.c **** 
 2041              		.loc 1 373 5 view .LVU479
 2042 006c 2046     		mov	r0, r4
 2043 006e FFF7FEFF 		bl	ad9518_transfer
 2044              	.LVL217:
 375:Core/Src/ad9518.c ****         Df(d, "[selftest] %d/%u patterns failed\r\n", fails, (unsigned)sizeof(patterns));
 2045              		.loc 1 375 5 view .LVU480
 375:Core/Src/ad9518.c ****         Df(d, "[selftest] %d/%u patterns failed\r\n", fails, (unsigned)sizeof(patterns));
 2046              		.loc 1 375 8 is_stmt 0 view .LVU481
 2047 0072 4FB1     		cbz	r7, .L122
 376:Core/Src/ad9518.c ****     else
 2048              		.loc 1 376 9 is_stmt 1 view .LVU482
 2049 0074 0523     		movs	r3, #5
 2050 0076 3A46     		mov	r2, r7
 2051 0078 0C49     		ldr	r1, .L130+20
 2052 007a 2046     		mov	r0, r4
 2053 007c FFF7FEFF 		bl	Df
 2054              	.LVL218:
 2055              	.L123:
 379:Core/Src/ad9518.c **** }
 2056              		.loc 1 379 5 view .LVU483
 379:Core/Src/ad9518.c **** }
 2057              		.loc 1 379 23 is_stmt 0 view .LVU484
 2058 0080 3FB9     		cbnz	r7, .L129
 2059              	.LVL219:
 2060              	.L117:
ARM GAS  /var/folders/0g/t37nqzqx51l7sfxbqc44l9hw0000gn/T//ccBBrdod.s 			page 55


 380:Core/Src/ad9518.c **** 
 2061              		.loc 1 380 1 view .LVU485
 2062 0082 3846     		mov	r0, r7
 2063 0084 05B0     		add	sp, sp, #20
 2064              	.LCFI26:
 2065              		.cfi_remember_state
 2066              		.cfi_def_cfa_offset 20
 2067              		@ sp needed
 2068 0086 F0BD     		pop	{r4, r5, r6, r7, pc}
 2069              	.LVL220:
 2070              	.L122:
 2071              	.LCFI27:
 2072              		.cfi_restore_state
 378:Core/Src/ad9518.c ****     return fails ? -1 : 0;
 2073              		.loc 1 378 9 is_stmt 1 view .LVU486
 2074 0088 0949     		ldr	r1, .L130+24
 2075 008a 2046     		mov	r0, r4
 2076 008c FFF7FEFF 		bl	D
 2077              	.LVL221:
 2078 0090 F6E7     		b	.L123
 2079              	.L129:
 379:Core/Src/ad9518.c **** }
 2080              		.loc 1 379 23 is_stmt 0 discriminator 1 view .LVU487
 2081 0092 4FF0FF37 		mov	r7, #-1
 2082              	.LVL222:
 379:Core/Src/ad9518.c **** }
 2083              		.loc 1 379 23 view .LVU488
 2084 0096 F4E7     		b	.L117
 2085              	.L131:
 2086              		.align	2
 2087              	.L130:
 2088 0098 0C000000 		.word	.LC40
 2089 009c 00000000 		.word	.LC38
 2090 00a0 3C000000 		.word	.LC41
 2091 00a4 00000000 		.word	patterns.1
 2092 00a8 04000000 		.word	.LC39
 2093 00ac 5C000000 		.word	.LC42
 2094 00b0 80000000 		.word	.LC43
 2095              		.cfi_endproc
 2096              	.LFE17:
 2098              		.section	.text.ad9518_plan,"ax",%progbits
 2099              		.align	1
 2100              		.global	ad9518_plan
 2101              		.syntax unified
 2102              		.thumb
 2103              		.thumb_func
 2105              	ad9518_plan:
 2106              	.LVL223:
 2107              	.LFB18:
 407:Core/Src/ad9518.c ****     long best_err = -1;
 2108              		.loc 1 407 1 is_stmt 1 view -0
 2109              		.cfi_startproc
 2110              		@ args = 4, pretend = 0, frame = 56
 2111              		@ frame_needed = 0, uses_anonymous_args = 0
 407:Core/Src/ad9518.c ****     long best_err = -1;
 2112              		.loc 1 407 1 is_stmt 0 view .LVU490
 2113 0000 2DE9F04F 		push	{r4, r5, r6, r7, r8, r9, r10, fp, lr}
ARM GAS  /var/folders/0g/t37nqzqx51l7sfxbqc44l9hw0000gn/T//ccBBrdod.s 			page 56


 2114              	.LCFI28:
 2115              		.cfi_def_cfa_offset 36
 2116              		.cfi_offset 4, -36
 2117              		.cfi_offset 5, -32
 2118              		.cfi_offset 6, -28
 2119              		.cfi_offset 7, -24
 2120              		.cfi_offset 8, -20
 2121              		.cfi_offset 9, -16
 2122              		.cfi_offset 10, -12
 2123              		.cfi_offset 11, -8
 2124              		.cfi_offset 14, -4
 2125 0004 8FB0     		sub	sp, sp, #60
 2126              	.LCFI29:
 2127              		.cfi_def_cfa_offset 96
 2128 0006 8B46     		mov	fp, r1
 2129 0008 1146     		mov	r1, r2
 2130              	.LVL224:
 407:Core/Src/ad9518.c ****     long best_err = -1;
 2131              		.loc 1 407 1 view .LVU491
 2132 000a 0992     		str	r2, [sp, #36]
 2133 000c 0A93     		str	r3, [sp, #40]
 2134 000e DDF860A0 		ldr	r10, [sp, #96]
 408:Core/Src/ad9518.c ****     uint32_t best_centre = 0;
 2135              		.loc 1 408 5 is_stmt 1 view .LVU492
 2136              	.LVL225:
 409:Core/Src/ad9518.c ****     uint32_t vco_mid = (uint32_t)(((uint64_t)vco_min_hz + vco_max_hz) / 2);
 2137              		.loc 1 409 5 view .LVU493
 410:Core/Src/ad9518.c **** 
 2138              		.loc 1 410 5 view .LVU494
 410:Core/Src/ad9518.c **** 
 2139              		.loc 1 410 36 is_stmt 0 view .LVU495
 2140 0012 0022     		movs	r2, #0
 2141              	.LVL226:
 410:Core/Src/ad9518.c **** 
 2142              		.loc 1 410 57 view .LVU496
 2143 0014 CB18     		adds	r3, r1, r3
 2144              	.LVL227:
 410:Core/Src/ad9518.c **** 
 2145              		.loc 1 410 57 view .LVU497
 2146 0016 5241     		adcs	r2, r2, r2
 410:Core/Src/ad9518.c **** 
 2147              		.loc 1 410 71 view .LVU498
 2148 0018 5B08     		lsrs	r3, r3, #1
 2149 001a 43EAC273 		orr	r3, r3, r2, lsl #31
 410:Core/Src/ad9518.c **** 
 2150              		.loc 1 410 14 view .LVU499
 2151 001e 0D93     		str	r3, [sp, #52]
 2152              	.LVL228:
 412:Core/Src/ad9518.c ****         return -1;
 2153              		.loc 1 412 5 is_stmt 1 view .LVU500
 412:Core/Src/ad9518.c ****         return -1;
 2154              		.loc 1 412 8 is_stmt 0 view .LVU501
 2155 0020 0890     		str	r0, [sp, #32]
 2156 0022 0028     		cmp	r0, #0
 2157 0024 00F0C580 		beq	.L152
 412:Core/Src/ad9518.c ****         return -1;
 2158              		.loc 1 412 17 discriminator 1 view .LVU502
ARM GAS  /var/folders/0g/t37nqzqx51l7sfxbqc44l9hw0000gn/T//ccBBrdod.s 			page 57


 2159 0028 BBF1000F 		cmp	fp, #0
 2160 002c 00F0C680 		beq	.L153
 412:Core/Src/ad9518.c ****         return -1;
 2161              		.loc 1 412 31 discriminator 2 view .LVU503
 2162 0030 BAF1000F 		cmp	r10, #0
 2163 0034 00F0C580 		beq	.L154
 2164              	.LBB20:
 415:Core/Src/ad9518.c ****     {
 2165              		.loc 1 415 18 view .LVU504
 2166 0038 0022     		movs	r2, #0
 2167 003a 0592     		str	r2, [sp, #20]
 2168              	.LBE20:
 409:Core/Src/ad9518.c ****     uint32_t vco_mid = (uint32_t)(((uint64_t)vco_min_hz + vco_max_hz) / 2);
 2169              		.loc 1 409 14 view .LVU505
 2170 003c 0192     		str	r2, [sp, #4]
 408:Core/Src/ad9518.c ****     uint32_t best_centre = 0;
 2171              		.loc 1 408 10 view .LVU506
 2172 003e 4FF0FF38 		mov	r8, #-1
 2173 0042 DA46     		mov	r10, fp
 2174 0044 C346     		mov	fp, r8
 2175              	.LVL229:
 408:Core/Src/ad9518.c ****     uint32_t best_centre = 0;
 2176              		.loc 1 408 10 view .LVU507
 2177 0046 DDF86080 		ldr	r8, [sp, #96]
 2178 004a 9BE0     		b	.L134
 2179              	.LVL230:
 2180              	.L155:
 2181              	.LBB39:
 2182              	.LBB21:
 2183              	.LBB22:
 2184              	.LBB23:
 423:Core/Src/ad9518.c **** 
 2185              		.loc 1 423 21 discriminator 2 view .LVU508
 2186 004c 0025     		movs	r5, #0
 2187 004e 92E0     		b	.L136
 2188              	.LVL231:
 2189              	.L140:
 2190              	.LBB24:
 2191              	.LBB25:
 447:Core/Src/ad9518.c **** 
 2192              		.loc 1 447 39 discriminator 2 view .LVU509
 2193 0050 0D9B     		ldr	r3, [sp, #52]
 2194 0052 DB1B     		subs	r3, r3, r7
 2195 0054 0093     		str	r3, [sp]
 2196 0056 7AE0     		b	.L141
 2197              	.LVL232:
 2198              	.L159:
 2199              	.LBB26:
 2200              	.LBB27:
 2201              	.LBB28:
 2202              	.LBB29:
 457:Core/Src/ad9518.c **** 
 2203              		.loc 1 457 29 is_stmt 1 view .LVU510
 457:Core/Src/ad9518.c **** 
 2204              		.loc 1 457 33 is_stmt 0 view .LVU511
 2205 0058 AAEB0003 		sub	r3, r10, r0
 2206              	.LVL233:
ARM GAS  /var/folders/0g/t37nqzqx51l7sfxbqc44l9hw0000gn/T//ccBBrdod.s 			page 58


 457:Core/Src/ad9518.c **** 
 2207              		.loc 1 457 33 view .LVU512
 2208 005c 26E0     		b	.L144
 2209              	.LVL234:
 2210              	.L145:
 470:Core/Src/ad9518.c ****                             best_centre = centre;
 2211              		.loc 1 470 29 is_stmt 1 view .LVU513
 471:Core/Src/ad9518.c ****                             plan->r_counter = 1;
 2212              		.loc 1 471 29 view .LVU514
 472:Core/Src/ad9518.c ****                             plan->a_counter = A;
 2213              		.loc 1 472 29 view .LVU515
 472:Core/Src/ad9518.c ****                             plan->a_counter = A;
 2214              		.loc 1 472 45 is_stmt 0 view .LVU516
 2215 005e 0122     		movs	r2, #1
 2216 0060 A8F80020 		strh	r2, [r8]	@ movhi
 473:Core/Src/ad9518.c ****                             plan->b_counter = B;
 2217              		.loc 1 473 29 is_stmt 1 view .LVU517
 473:Core/Src/ad9518.c ****                             plan->b_counter = B;
 2218              		.loc 1 473 45 is_stmt 0 view .LVU518
 2219 0064 049A     		ldr	r2, [sp, #16]
 2220 0066 88F80220 		strb	r2, [r8, #2]
 474:Core/Src/ad9518.c ****                             plan->prescaler_idx = pi;
 2221              		.loc 1 474 29 is_stmt 1 view .LVU519
 474:Core/Src/ad9518.c ****                             plan->prescaler_idx = pi;
 2222              		.loc 1 474 45 is_stmt 0 view .LVU520
 2223 006a 029A     		ldr	r2, [sp, #8]
 2224 006c A8F80420 		strh	r2, [r8, #4]	@ movhi
 475:Core/Src/ad9518.c ****                             plan->prescaler = P;
 2225              		.loc 1 475 29 is_stmt 1 view .LVU521
 475:Core/Src/ad9518.c ****                             plan->prescaler = P;
 2226              		.loc 1 475 49 is_stmt 0 view .LVU522
 2227 0070 059A     		ldr	r2, [sp, #20]
 2228 0072 88F80620 		strb	r2, [r8, #6]
 476:Core/Src/ad9518.c ****                             plan->vco_divider = vd;
 2229              		.loc 1 476 29 is_stmt 1 view .LVU523
 476:Core/Src/ad9518.c ****                             plan->vco_divider = vd;
 2230              		.loc 1 476 45 is_stmt 0 view .LVU524
 2231 0076 039A     		ldr	r2, [sp, #12]
 2232 0078 88F80720 		strb	r2, [r8, #7]
 477:Core/Src/ad9518.c ****                             plan->chan_divider = cd;
 2233              		.loc 1 477 29 is_stmt 1 view .LVU525
 477:Core/Src/ad9518.c ****                             plan->chan_divider = cd;
 2234              		.loc 1 477 47 is_stmt 0 view .LVU526
 2235 007c 88F80890 		strb	r9, [r8, #8]
 478:Core/Src/ad9518.c ****                             plan->vco_hz = (uint32_t)vco;
 2236              		.loc 1 478 29 is_stmt 1 view .LVU527
 478:Core/Src/ad9518.c ****                             plan->vco_hz = (uint32_t)vco;
 2237              		.loc 1 478 48 is_stmt 0 view .LVU528
 2238 0080 88F80940 		strb	r4, [r8, #9]
 479:Core/Src/ad9518.c ****                             plan->out_hz = (uint32_t)out;
 2239              		.loc 1 479 29 is_stmt 1 view .LVU529
 479:Core/Src/ad9518.c ****                             plan->out_hz = (uint32_t)out;
 2240              		.loc 1 479 42 is_stmt 0 view .LVU530
 2241 0084 C8F80C70 		str	r7, [r8, #12]
 480:Core/Src/ad9518.c ****                         }
 2242              		.loc 1 480 29 is_stmt 1 view .LVU531
 480:Core/Src/ad9518.c ****                         }
ARM GAS  /var/folders/0g/t37nqzqx51l7sfxbqc44l9hw0000gn/T//ccBBrdod.s 			page 59


 2243              		.loc 1 480 42 is_stmt 0 view .LVU532
 2244 0088 C8F81000 		str	r0, [r8, #16]
 471:Core/Src/ad9518.c ****                             plan->r_counter = 1;
 2245              		.loc 1 471 41 view .LVU533
 2246 008c 009A     		ldr	r2, [sp]
 2247 008e 0192     		str	r2, [sp, #4]
 470:Core/Src/ad9518.c ****                             best_centre = centre;
 2248              		.loc 1 470 38 view .LVU534
 2249 0090 9B46     		mov	fp, r3
 2250              	.LVL235:
 2251              	.L146:
 470:Core/Src/ad9518.c ****                             best_centre = centre;
 2252              		.loc 1 470 38 view .LVU535
 2253              	.LBE29:
 452:Core/Src/ad9518.c ****                     {
 2254              		.loc 1 452 54 is_stmt 1 discriminator 2 view .LVU536
 2255 0092 0134     		adds	r4, r4, #1
 2256              	.LVL236:
 452:Core/Src/ad9518.c ****                     {
 2257              		.loc 1 452 54 is_stmt 0 discriminator 2 view .LVU537
 2258 0094 E4B2     		uxtb	r4, r4
 2259              	.LVL237:
 2260              	.L143:
 452:Core/Src/ad9518.c ****                     {
 2261              		.loc 1 452 45 is_stmt 1 discriminator 1 view .LVU538
 2262 0096 202C     		cmp	r4, #32
 2263 0098 13D8     		bhi	.L158
 2264              	.LBB30:
 454:Core/Src/ad9518.c ****                         long err = (long)out - (long)target_hz;
 2265              		.loc 1 454 25 view .LVU539
 454:Core/Src/ad9518.c ****                         long err = (long)out - (long)target_hz;
 2266              		.loc 1 454 34 is_stmt 0 view .LVU540
 2267 009a 2246     		mov	r2, r4
 2268 009c 0023     		movs	r3, #0
 2269 009e 3046     		mov	r0, r6
 2270 00a0 2946     		mov	r1, r5
 2271 00a2 FFF7FEFF 		bl	__aeabi_uldivmod
 2272              	.LVL238:
 455:Core/Src/ad9518.c ****                         if (err < 0)
 2273              		.loc 1 455 25 is_stmt 1 view .LVU541
 456:Core/Src/ad9518.c ****                             err = -err;
 2274              		.loc 1 456 25 view .LVU542
 456:Core/Src/ad9518.c ****                             err = -err;
 2275              		.loc 1 456 28 is_stmt 0 view .LVU543
 2276 00a6 B0EB0A03 		subs	r3, r0, r10
 2277              	.LVL239:
 456:Core/Src/ad9518.c ****                             err = -err;
 2278              		.loc 1 456 28 view .LVU544
 2279 00aa D5D4     		bmi	.L159
 2280              	.LVL240:
 2281              	.L144:
 459:Core/Src/ad9518.c ****                         if (best_err < 0)
 2282              		.loc 1 459 25 is_stmt 1 view .LVU545
 460:Core/Src/ad9518.c ****                             better = 1;
 2283              		.loc 1 460 25 view .LVU546
 460:Core/Src/ad9518.c ****                             better = 1;
 2284              		.loc 1 460 28 is_stmt 0 view .LVU547
ARM GAS  /var/folders/0g/t37nqzqx51l7sfxbqc44l9hw0000gn/T//ccBBrdod.s 			page 60


 2285 00ac BBF1000F 		cmp	fp, #0
 2286 00b0 D5DB     		blt	.L145
 462:Core/Src/ad9518.c ****                             better = 1;
 2287              		.loc 1 462 30 is_stmt 1 view .LVU548
 462:Core/Src/ad9518.c ****                             better = 1;
 2288              		.loc 1 462 33 is_stmt 0 view .LVU549
 2289 00b2 9B45     		cmp	fp, r3
 2290 00b4 D3DC     		bgt	.L145
 464:Core/Src/ad9518.c ****                                  centre < best_centre)
 2291              		.loc 1 464 30 is_stmt 1 view .LVU550
 464:Core/Src/ad9518.c ****                                  centre < best_centre)
 2292              		.loc 1 464 33 is_stmt 0 view .LVU551
 2293 00b6 ECD1     		bne	.L146
 464:Core/Src/ad9518.c ****                                  centre < best_centre)
 2294              		.loc 1 464 50 discriminator 1 view .LVU552
 2295 00b8 019A     		ldr	r2, [sp, #4]
 2296 00ba 0099     		ldr	r1, [sp]
 2297              	.LVL241:
 464:Core/Src/ad9518.c ****                                  centre < best_centre)
 2298              		.loc 1 464 50 discriminator 1 view .LVU553
 2299 00bc 8A42     		cmp	r2, r1
 2300 00be E8D9     		bls	.L146
 2301 00c0 CDE7     		b	.L145
 2302              	.LVL242:
 2303              	.L158:
 464:Core/Src/ad9518.c ****                                  centre < best_centre)
 2304              		.loc 1 464 50 discriminator 1 view .LVU554
 2305              	.LBE30:
 2306              	.LBE28:
 2307              	.LBE27:
 449:Core/Src/ad9518.c ****                 {
 2308              		.loc 1 449 49 is_stmt 1 discriminator 2 view .LVU555
 2309 00c2 09F10109 		add	r9, r9, #1
 2310              	.LVL243:
 449:Core/Src/ad9518.c ****                 {
 2311              		.loc 1 449 49 is_stmt 0 discriminator 2 view .LVU556
 2312 00c6 5FFA89F9 		uxtb	r9, r9
 2313              	.LVL244:
 2314              	.L142:
 449:Core/Src/ad9518.c ****                 {
 2315              		.loc 1 449 41 is_stmt 1 discriminator 1 view .LVU557
 2316 00ca B9F1060F 		cmp	r9, #6
 2317 00ce 09D8     		bhi	.L160
 2318              	.LBB32:
 451:Core/Src/ad9518.c ****                     for (uint8_t cd = 1; cd <= 32; cd++)
 2319              		.loc 1 451 21 view .LVU558
 451:Core/Src/ad9518.c ****                     for (uint8_t cd = 1; cd <= 32; cd++)
 2320              		.loc 1 451 30 is_stmt 0 view .LVU559
 2321 00d0 4A46     		mov	r2, r9
 2322 00d2 0023     		movs	r3, #0
 2323 00d4 3846     		mov	r0, r7
 2324 00d6 0699     		ldr	r1, [sp, #24]
 2325 00d8 FFF7FEFF 		bl	__aeabi_uldivmod
 2326              	.LVL245:
 2327 00dc 0646     		mov	r6, r0
 2328 00de 0D46     		mov	r5, r1
 2329              	.LVL246:
ARM GAS  /var/folders/0g/t37nqzqx51l7sfxbqc44l9hw0000gn/T//ccBBrdod.s 			page 61


 452:Core/Src/ad9518.c ****                     {
 2330              		.loc 1 452 21 is_stmt 1 view .LVU560
 2331              	.LBB31:
 452:Core/Src/ad9518.c ****                     {
 2332              		.loc 1 452 26 view .LVU561
 452:Core/Src/ad9518.c ****                     {
 2333              		.loc 1 452 34 is_stmt 0 view .LVU562
 2334 00e0 0124     		movs	r4, #1
 452:Core/Src/ad9518.c ****                     {
 2335              		.loc 1 452 21 view .LVU563
 2336 00e2 D8E7     		b	.L143
 2337              	.LVL247:
 2338              	.L160:
 452:Core/Src/ad9518.c ****                     {
 2339              		.loc 1 452 21 view .LVU564
 2340 00e4 049E     		ldr	r6, [sp, #16]
 2341 00e6 0B9D     		ldr	r5, [sp, #44]
 2342              	.LVL248:
 2343              	.L139:
 452:Core/Src/ad9518.c ****                     {
 2344              		.loc 1 452 21 view .LVU565
 2345              	.LBE31:
 2346              	.LBE32:
 2347              	.LBE26:
 2348              	.LBE25:
 425:Core/Src/ad9518.c ****             {
 2349              		.loc 1 425 45 is_stmt 1 discriminator 2 view .LVU566
 2350 00e8 731C     		adds	r3, r6, #1
 2351 00ea DEB2     		uxtb	r6, r3
 2352              	.LVL249:
 2353              	.L137:
 425:Core/Src/ad9518.c ****             {
 2354              		.loc 1 425 35 discriminator 1 view .LVU567
 2355 00ec AE42     		cmp	r6, r5
 2356 00ee 33D8     		bhi	.L161
 2357              	.LBB34:
 428:Core/Src/ad9518.c ****                     continue;
 2358              		.loc 1 428 17 view .LVU568
 428:Core/Src/ad9518.c ****                     continue;
 2359              		.loc 1 428 20 is_stmt 0 view .LVU569
 2360 00f0 079B     		ldr	r3, [sp, #28]
 2361 00f2 002B     		cmp	r3, #0
 2362 00f4 02DB     		blt	.L138
 428:Core/Src/ad9518.c ****                     continue;
 2363              		.loc 1 428 32 discriminator 1 view .LVU570
 2364 00f6 029B     		ldr	r3, [sp, #8]
 2365 00f8 9E42     		cmp	r6, r3
 2366 00fa F5D2     		bcs	.L139
 2367              	.L138:
 431:Core/Src/ad9518.c ****                 uint64_t vco = (uint64_t)ref_hz * N; /* R = 1 */
 2368              		.loc 1 431 17 is_stmt 1 view .LVU571
 431:Core/Src/ad9518.c ****                 uint64_t vco = (uint64_t)ref_hz * N; /* R = 1 */
 2369              		.loc 1 431 26 is_stmt 0 view .LVU572
 2370 00fc 029B     		ldr	r3, [sp, #8]
 2371 00fe 039A     		ldr	r2, [sp, #12]
 2372 0100 02FB0367 		mla	r7, r2, r3, r6
 2373              	.LVL250:
ARM GAS  /var/folders/0g/t37nqzqx51l7sfxbqc44l9hw0000gn/T//ccBBrdod.s 			page 62


 432:Core/Src/ad9518.c **** 
 2374              		.loc 1 432 17 is_stmt 1 view .LVU573
 432:Core/Src/ad9518.c **** 
 2375              		.loc 1 432 26 is_stmt 0 view .LVU574
 2376 0104 089B     		ldr	r3, [sp, #32]
 2377 0106 A3FB0779 		umull	r7, r9, r3, r7
 2378              	.LVL251:
 432:Core/Src/ad9518.c **** 
 2379              		.loc 1 432 26 view .LVU575
 2380 010a CDF81890 		str	r9, [sp, #24]
 2381              	.LVL252:
 434:Core/Src/ad9518.c ****                     continue;
 2382              		.loc 1 434 17 is_stmt 1 view .LVU576
 434:Core/Src/ad9518.c ****                     continue;
 2383              		.loc 1 434 20 is_stmt 0 view .LVU577
 2384 010e 099B     		ldr	r3, [sp, #36]
 2385 0110 9F42     		cmp	r7, r3
 2386 0112 4FF00001 		mov	r1, #0
 2387 0116 79EB0103 		sbcs	r3, r9, r1
 2388 011a E5D3     		bcc	.L139
 434:Core/Src/ad9518.c ****                     continue;
 2389              		.loc 1 434 38 discriminator 2 view .LVU578
 2390 011c 0A9B     		ldr	r3, [sp, #40]
 2391 011e BB42     		cmp	r3, r7
 2392 0120 71EB0903 		sbcs	r3, r1, r9
 2393 0124 E0D3     		bcc	.L139
 436:Core/Src/ad9518.c ****                     continue;
 2394              		.loc 1 436 17 is_stmt 1 view .LVU579
 436:Core/Src/ad9518.c ****                     continue;
 2395              		.loc 1 436 25 is_stmt 0 view .LVU580
 2396 0126 0C46     		mov	r4, r1
 2397 0128 0B46     		mov	r3, r1
 2398 012a 3846     		mov	r0, r7
 2399 012c 4946     		mov	r1, r9
 2400 012e FFF7FEFF 		bl	__aeabi_uldivmod
 2401              	.LVL253:
 436:Core/Src/ad9518.c ****                     continue;
 2402              		.loc 1 436 20 view .LVU581
 2403 0132 274B     		ldr	r3, .L164
 2404 0134 8342     		cmp	r3, r0
 2405 0136 74EB0101 		sbcs	r1, r4, r1
 2406 013a D5D3     		bcc	.L139
 445:Core/Src/ad9518.c ****                                       ? (uint32_t)(vco - vco_mid)
 2407              		.loc 1 445 17 is_stmt 1 view .LVU582
 447:Core/Src/ad9518.c **** 
 2408              		.loc 1 447 39 is_stmt 0 view .LVU583
 2409 013c 0C9B     		ldr	r3, [sp, #48]
 2410 013e BB42     		cmp	r3, r7
 2411 0140 2346     		mov	r3, r4
 2412 0142 4A46     		mov	r2, r9
 2413 0144 9341     		sbcs	r3, r3, r2
 2414 0146 83D2     		bcs	.L140
 447:Core/Src/ad9518.c **** 
 2415              		.loc 1 447 39 discriminator 1 view .LVU584
 2416 0148 0D9B     		ldr	r3, [sp, #52]
 2417 014a FB1A     		subs	r3, r7, r3
 2418 014c 0093     		str	r3, [sp]
ARM GAS  /var/folders/0g/t37nqzqx51l7sfxbqc44l9hw0000gn/T//ccBBrdod.s 			page 63


 2419              	.L141:
 2420              	.LVL254:
 449:Core/Src/ad9518.c ****                 {
 2421              		.loc 1 449 17 is_stmt 1 view .LVU585
 2422              	.LBB33:
 449:Core/Src/ad9518.c ****                 {
 2423              		.loc 1 449 22 view .LVU586
 449:Core/Src/ad9518.c ****                 {
 2424              		.loc 1 449 30 is_stmt 0 view .LVU587
 2425 014e 4FF00209 		mov	r9, #2
 2426              	.LVL255:
 449:Core/Src/ad9518.c ****                 {
 2427              		.loc 1 449 30 view .LVU588
 2428 0152 0496     		str	r6, [sp, #16]
 2429 0154 0B95     		str	r5, [sp, #44]
 449:Core/Src/ad9518.c ****                 {
 2430              		.loc 1 449 17 view .LVU589
 2431 0156 B8E7     		b	.L142
 2432              	.LVL256:
 2433              	.L161:
 449:Core/Src/ad9518.c ****                 {
 2434              		.loc 1 449 17 view .LVU590
 2435              	.LBE33:
 2436              	.LBE34:
 2437              	.LBE24:
 2438              	.LBE23:
 421:Core/Src/ad9518.c ****         {
 2439              		.loc 1 421 42 is_stmt 1 discriminator 2 view .LVU591
 2440 0158 029B     		ldr	r3, [sp, #8]
 2441 015a 0133     		adds	r3, r3, #1
 2442 015c 9BB2     		uxth	r3, r3
 2443 015e 0293     		str	r3, [sp, #8]
 2444              	.LVL257:
 2445              	.L135:
 421:Core/Src/ad9518.c ****         {
 2446              		.loc 1 421 32 discriminator 1 view .LVU592
 2447 0160 029B     		ldr	r3, [sp, #8]
 2448 0162 B3F57A7F 		cmp	r3, #1000
 2449 0166 08D8     		bhi	.L162
 2450              	.LBB36:
 423:Core/Src/ad9518.c **** 
 2451              		.loc 1 423 13 view .LVU593
 423:Core/Src/ad9518.c **** 
 2452              		.loc 1 423 21 is_stmt 0 view .LVU594
 2453 0168 079B     		ldr	r3, [sp, #28]
 2454 016a 002B     		cmp	r3, #0
 2455 016c FFF66EAF 		blt	.L155
 423:Core/Src/ad9518.c **** 
 2456              		.loc 1 423 21 discriminator 1 view .LVU595
 2457 0170 039B     		ldr	r3, [sp, #12]
 2458 0172 013B     		subs	r3, r3, #1
 2459 0174 DDB2     		uxtb	r5, r3
 2460              	.L136:
 2461              	.LVL258:
 425:Core/Src/ad9518.c ****             {
 2462              		.loc 1 425 13 is_stmt 1 view .LVU596
 2463              	.LBB35:
ARM GAS  /var/folders/0g/t37nqzqx51l7sfxbqc44l9hw0000gn/T//ccBBrdod.s 			page 64


 425:Core/Src/ad9518.c ****             {
 2464              		.loc 1 425 18 view .LVU597
 425:Core/Src/ad9518.c ****             {
 2465              		.loc 1 425 26 is_stmt 0 view .LVU598
 2466 0176 0026     		movs	r6, #0
 425:Core/Src/ad9518.c ****             {
 2467              		.loc 1 425 13 view .LVU599
 2468 0178 B8E7     		b	.L137
 2469              	.LVL259:
 2470              	.L162:
 425:Core/Src/ad9518.c ****             {
 2471              		.loc 1 425 13 view .LVU600
 2472              	.LBE35:
 2473              	.LBE36:
 2474              	.LBE22:
 2475              	.LBE21:
 415:Core/Src/ad9518.c ****     {
 2476              		.loc 1 415 36 discriminator 2 view .LVU601
 2477 017a 0C9B     		ldr	r3, [sp, #48]
 415:Core/Src/ad9518.c ****     {
 2478              		.loc 1 415 36 is_stmt 1 discriminator 2 view .LVU602
 2479 017c 059A     		ldr	r2, [sp, #20]
 2480 017e 0132     		adds	r2, r2, #1
 2481 0180 D2B2     		uxtb	r2, r2
 2482 0182 0592     		str	r2, [sp, #20]
 2483              	.LVL260:
 2484              	.L134:
 415:Core/Src/ad9518.c ****     {
 2485              		.loc 1 415 29 discriminator 1 view .LVU603
 2486 0184 059A     		ldr	r2, [sp, #20]
 2487 0186 072A     		cmp	r2, #7
 2488 0188 0BD8     		bhi	.L163
 2489              	.LBB38:
 417:Core/Src/ad9518.c ****         int fixed_div = (praw & IS_FD) != 0;
 2490              		.loc 1 417 9 view .LVU604
 417:Core/Src/ad9518.c ****         int fixed_div = (praw & IS_FD) != 0;
 2491              		.loc 1 417 17 is_stmt 0 view .LVU605
 2492 018a 124A     		ldr	r2, .L164+4
 2493 018c 0598     		ldr	r0, [sp, #20]
 2494 018e 115C     		ldrb	r1, [r2, r0]	@ zero_extendqisi2
 2495              	.LVL261:
 418:Core/Src/ad9518.c ****         uint8_t P = praw & (uint8_t)~IS_FD;
 2496              		.loc 1 418 9 is_stmt 1 view .LVU606
 418:Core/Src/ad9518.c ****         uint8_t P = praw & (uint8_t)~IS_FD;
 2497              		.loc 1 418 40 is_stmt 0 view .LVU607
 2498 0190 1256     		ldrsb	r2, [r2, r0]
 2499 0192 0792     		str	r2, [sp, #28]
 2500              	.LVL262:
 419:Core/Src/ad9518.c **** 
 2501              		.loc 1 419 9 is_stmt 1 view .LVU608
 419:Core/Src/ad9518.c **** 
 2502              		.loc 1 419 17 is_stmt 0 view .LVU609
 2503 0194 01F07F02 		and	r2, r1, #127
 2504 0198 0392     		str	r2, [sp, #12]
 2505              	.LVL263:
 421:Core/Src/ad9518.c ****         {
 2506              		.loc 1 421 9 is_stmt 1 view .LVU610
ARM GAS  /var/folders/0g/t37nqzqx51l7sfxbqc44l9hw0000gn/T//ccBBrdod.s 			page 65


 2507              	.LBB37:
 421:Core/Src/ad9518.c ****         {
 2508              		.loc 1 421 14 view .LVU611
 421:Core/Src/ad9518.c ****         {
 2509              		.loc 1 421 23 is_stmt 0 view .LVU612
 2510 019a 0322     		movs	r2, #3
 2511 019c 0292     		str	r2, [sp, #8]
 2512 019e 0C93     		str	r3, [sp, #48]
 421:Core/Src/ad9518.c ****         {
 2513              		.loc 1 421 9 view .LVU613
 2514 01a0 DEE7     		b	.L135
 2515              	.LVL264:
 2516              	.L163:
 421:Core/Src/ad9518.c ****         {
 2517              		.loc 1 421 9 view .LVU614
 2518              	.LBE37:
 2519              	.LBE38:
 2520              	.LBE39:
 488:Core/Src/ad9518.c ****         return -1;
 2521              		.loc 1 488 5 is_stmt 1 view .LVU615
 488:Core/Src/ad9518.c ****         return -1;
 2522              		.loc 1 488 8 is_stmt 0 view .LVU616
 2523 01a2 BBF1000F 		cmp	fp, #0
 2524 01a6 0FDB     		blt	.L156
 490:Core/Src/ad9518.c **** }
 2525              		.loc 1 490 5 is_stmt 1 view .LVU617
 490:Core/Src/ad9518.c **** }
 2526              		.loc 1 490 32 is_stmt 0 view .LVU618
 2527 01a8 BBF10000 		subs	r0, fp, #0
 2528 01ac 18BF     		it	ne
 2529 01ae 0120     		movne	r0, #1
 2530 01b0 01E0     		b	.L132
 2531              	.LVL265:
 2532              	.L152:
 413:Core/Src/ad9518.c **** 
 2533              		.loc 1 413 16 view .LVU619
 2534 01b2 4FF0FF30 		mov	r0, #-1
 2535              	.LVL266:
 2536              	.L132:
 491:Core/Src/ad9518.c **** 
 2537              		.loc 1 491 1 view .LVU620
 2538 01b6 0FB0     		add	sp, sp, #60
 2539              	.LCFI30:
 2540              		.cfi_remember_state
 2541              		.cfi_def_cfa_offset 36
 2542              		@ sp needed
 2543 01b8 BDE8F08F 		pop	{r4, r5, r6, r7, r8, r9, r10, fp, pc}
 2544              	.LVL267:
 2545              	.L153:
 2546              	.LCFI31:
 2547              		.cfi_restore_state
 413:Core/Src/ad9518.c **** 
 2548              		.loc 1 413 16 view .LVU621
 2549 01bc 4FF0FF30 		mov	r0, #-1
 2550              	.LVL268:
 413:Core/Src/ad9518.c **** 
 2551              		.loc 1 413 16 view .LVU622
ARM GAS  /var/folders/0g/t37nqzqx51l7sfxbqc44l9hw0000gn/T//ccBBrdod.s 			page 66


 2552 01c0 F9E7     		b	.L132
 2553              	.LVL269:
 2554              	.L154:
 413:Core/Src/ad9518.c **** 
 2555              		.loc 1 413 16 view .LVU623
 2556 01c2 4FF0FF30 		mov	r0, #-1
 2557              	.LVL270:
 413:Core/Src/ad9518.c **** 
 2558              		.loc 1 413 16 view .LVU624
 2559 01c6 F6E7     		b	.L132
 2560              	.LVL271:
 2561              	.L156:
 489:Core/Src/ad9518.c ****     return (best_err == 0) ? 0 : 1;
 2562              		.loc 1 489 16 view .LVU625
 2563 01c8 4FF0FF30 		mov	r0, #-1
 2564 01cc F3E7     		b	.L132
 2565              	.L165:
 2566 01ce 00BF     		.align	2
 2567              	.L164:
 2568 01d0 80B2E60E 		.word	250000000
 2569 01d4 00000000 		.word	to_prescaler
 2570              		.cfi_endproc
 2571              	.LFE18:
 2573              		.section	.rodata.ad9518_apply.str1.4,"aMS",%progbits,1
 2574              		.align	2
 2575              	.LC44:
 2576 0000 5B617070 		.ascii	"[apply] REF %lu Hz, VCO %lu Hz, OUT %lu Hz\015\012\000"
 2576      6C795D20 
 2576      52454620 
 2576      256C7520 
 2576      487A2C20 
 2577 002d 000000   		.align	2
 2578              	.LC45:
 2579 0030 20202020 		.ascii	"        R=%u A=%u B=%u P=%u  VCOdiv=%u  CHdiv=%u\015"
 2579      20202020 
 2579      523D2575 
 2579      20413D25 
 2579      7520423D 
 2580 0061 0A00     		.ascii	"\012\000"
 2581 0063 00       		.align	2
 2582              	.LC46:
 2583 0064 5B617070 		.ascii	"[apply] VCO cal, waiting %lu ms\015\012\000"
 2583      6C795D20 
 2583      56434F20 
 2583      63616C2C 
 2583      20776169 
 2584 0086 0000     		.align	2
 2585              	.LC47:
 2586 0088 5B617070 		.ascii	"[apply] soft sync to release output dividers\015\012"
 2586      6C795D20 
 2586      736F6674 
 2586      2073796E 
 2586      6320746F 
 2587 00b6 00       		.ascii	"\000"
 2588              		.section	.text.ad9518_apply,"ax",%progbits
 2589              		.align	1
 2590              		.global	ad9518_apply
ARM GAS  /var/folders/0g/t37nqzqx51l7sfxbqc44l9hw0000gn/T//ccBBrdod.s 			page 67


 2591              		.syntax unified
 2592              		.thumb
 2593              		.thumb_func
 2595              	ad9518_apply:
 2596              	.LVL272:
 2597              	.LFB21:
 522:Core/Src/ad9518.c **** 
 523:Core/Src/ad9518.c **** int ad9518_apply(ad9518_dev_t *d, const ad9518_plan_t *p, uint32_t ref_hz)
 524:Core/Src/ad9518.c **** {
 2598              		.loc 1 524 1 is_stmt 1 view -0
 2599              		.cfi_startproc
 2600              		@ args = 0, pretend = 0, frame = 0
 2601              		@ frame_needed = 0, uses_anonymous_args = 0
 525:Core/Src/ad9518.c ****     if (!d || !p)
 2602              		.loc 1 525 5 view .LVU627
 2603              		.loc 1 525 8 is_stmt 0 view .LVU628
 2604 0000 0028     		cmp	r0, #0
 2605 0002 00F0C080 		beq	.L171
 524:Core/Src/ad9518.c ****     if (!d || !p)
 2606              		.loc 1 524 1 view .LVU629
 2607 0006 F0B5     		push	{r4, r5, r6, r7, lr}
 2608              	.LCFI32:
 2609              		.cfi_def_cfa_offset 20
 2610              		.cfi_offset 4, -20
 2611              		.cfi_offset 5, -16
 2612              		.cfi_offset 6, -12
 2613              		.cfi_offset 7, -8
 2614              		.cfi_offset 14, -4
 2615 0008 85B0     		sub	sp, sp, #20
 2616              	.LCFI33:
 2617              		.cfi_def_cfa_offset 40
 2618 000a 0E46     		mov	r6, r1
 2619 000c 1746     		mov	r7, r2
 2620 000e 0446     		mov	r4, r0
 2621              		.loc 1 525 12 discriminator 1 view .LVU630
 2622 0010 0029     		cmp	r1, #0
 2623 0012 00F0BB80 		beq	.L172
 526:Core/Src/ad9518.c ****         return -1;
 527:Core/Src/ad9518.c **** 
 528:Core/Src/ad9518.c ****     Df(d, "[apply] REF %lu Hz, VCO %lu Hz, OUT %lu Hz\r\n",
 2624              		.loc 1 528 5 is_stmt 1 view .LVU631
 529:Core/Src/ad9518.c ****        (unsigned long)ref_hz, (unsigned long)p->vco_hz, (unsigned long)p->out_hz);
 2625              		.loc 1 529 73 is_stmt 0 view .LVU632
 2626 0016 0B69     		ldr	r3, [r1, #16]
 528:Core/Src/ad9518.c ****        (unsigned long)ref_hz, (unsigned long)p->vco_hz, (unsigned long)p->out_hz);
 2627              		.loc 1 528 5 view .LVU633
 2628 0018 0093     		str	r3, [sp]
 2629 001a CB68     		ldr	r3, [r1, #12]
 2630 001c 5D49     		ldr	r1, .L180
 2631              	.LVL273:
 528:Core/Src/ad9518.c ****        (unsigned long)ref_hz, (unsigned long)p->vco_hz, (unsigned long)p->out_hz);
 2632              		.loc 1 528 5 view .LVU634
 2633 001e FFF7FEFF 		bl	Df
 2634              	.LVL274:
 530:Core/Src/ad9518.c ****     Df(d, "        R=%u A=%u B=%u P=%u  VCOdiv=%u  CHdiv=%u\r\n",
 2635              		.loc 1 530 5 is_stmt 1 view .LVU635
 531:Core/Src/ad9518.c ****        p->r_counter, p->a_counter, p->b_counter, p->prescaler,
ARM GAS  /var/folders/0g/t37nqzqx51l7sfxbqc44l9hw0000gn/T//ccBBrdod.s 			page 68


 2636              		.loc 1 531 37 is_stmt 0 view .LVU636
 2637 0022 B388     		ldrh	r3, [r6, #4]
 2638              		.loc 1 531 51 view .LVU637
 2639 0024 F279     		ldrb	r2, [r6, #7]	@ zero_extendqisi2
 532:Core/Src/ad9518.c ****        p->vco_divider, p->chan_divider);
 2640              		.loc 1 532 9 view .LVU638
 2641 0026 317A     		ldrb	r1, [r6, #8]	@ zero_extendqisi2
 2642              		.loc 1 532 25 view .LVU639
 2643 0028 707A     		ldrb	r0, [r6, #9]	@ zero_extendqisi2
 530:Core/Src/ad9518.c ****     Df(d, "        R=%u A=%u B=%u P=%u  VCOdiv=%u  CHdiv=%u\r\n",
 2644              		.loc 1 530 5 view .LVU640
 2645 002a 0390     		str	r0, [sp, #12]
 2646 002c 0291     		str	r1, [sp, #8]
 2647 002e 0192     		str	r2, [sp, #4]
 2648 0030 0093     		str	r3, [sp]
 2649 0032 B378     		ldrb	r3, [r6, #2]	@ zero_extendqisi2
 2650 0034 3288     		ldrh	r2, [r6]
 2651 0036 5849     		ldr	r1, .L180+4
 2652 0038 2046     		mov	r0, r4
 2653 003a FFF7FEFF 		bl	Df
 2654              	.LVL275:
 533:Core/Src/ad9518.c **** 
 534:Core/Src/ad9518.c ****     /* --- PLL counters ---
 535:Core/Src/ad9518.c ****      *
 536:Core/Src/ad9518.c ****      * 0x010 is the PFD/charge-pump register. Bits[1:0] are the PLL power
 537:Core/Src/ad9518.c ****      * control: 00 = normal operation, 01 = asynchronous power-down.
 538:Core/Src/ad9518.c ****      *
 539:Core/Src/ad9518.c ****      * Use 0x7C, not 0x7D. The 0x7D value that appears in the ADI Linux
 540:Core/Src/ad9518.c ****      * driver's default register table has bits[1:0] = 01, which leaves the
 541:Core/Src/ad9518.c ****      * PLL powered down - that table is a starting point the driver then
 542:Core/Src/ad9518.c ****      * overwrites from a .stp firmware file, not a runnable configuration.
 543:Core/Src/ad9518.c ****      * With the PLL down, VCO calibration still completes and every register
 544:Core/Src/ad9518.c ****      * reads back correctly, but lock detect never asserts.
 545:Core/Src/ad9518.c ****      */
 546:Core/Src/ad9518.c ****     ad9518_write(d, AD9518_PFD_CP, 0x7C); /* PLL on, CP normal, PFD pol + */
 2655              		.loc 1 546 5 is_stmt 1 view .LVU641
 2656 003e 7C22     		movs	r2, #124
 2657 0040 1021     		movs	r1, #16
 2658 0042 2046     		mov	r0, r4
 2659 0044 FFF7FEFF 		bl	ad9518_write
 2660              	.LVL276:
 547:Core/Src/ad9518.c ****     ad9518_write(d, AD9518_RCNT_L, (uint8_t)(p->r_counter & 0xFF));
 2661              		.loc 1 547 5 view .LVU642
 2662 0048 3278     		ldrb	r2, [r6]	@ zero_extendqisi2
 2663 004a 1121     		movs	r1, #17
 2664 004c 2046     		mov	r0, r4
 2665 004e FFF7FEFF 		bl	ad9518_write
 2666              	.LVL277:
 548:Core/Src/ad9518.c ****     ad9518_write(d, AD9518_RCNT_H, (uint8_t)(p->r_counter >> 8));
 2667              		.loc 1 548 5 view .LVU643
 2668              		.loc 1 548 47 is_stmt 0 view .LVU644
 2669 0052 3288     		ldrh	r2, [r6]
 2670              		.loc 1 548 5 view .LVU645
 2671 0054 120A     		lsrs	r2, r2, #8
 2672 0056 1221     		movs	r1, #18
 2673 0058 2046     		mov	r0, r4
 2674 005a FFF7FEFF 		bl	ad9518_write
ARM GAS  /var/folders/0g/t37nqzqx51l7sfxbqc44l9hw0000gn/T//ccBBrdod.s 			page 69


 2675              	.LVL278:
 549:Core/Src/ad9518.c ****     ad9518_write(d, AD9518_ACNT, (uint8_t)(p->a_counter & 0x3F));
 2676              		.loc 1 549 5 is_stmt 1 view .LVU646
 2677              		.loc 1 549 45 is_stmt 0 view .LVU647
 2678 005e B278     		ldrb	r2, [r6, #2]	@ zero_extendqisi2
 2679              		.loc 1 549 5 view .LVU648
 2680 0060 02F03F02 		and	r2, r2, #63
 2681 0064 1321     		movs	r1, #19
 2682 0066 2046     		mov	r0, r4
 2683 0068 FFF7FEFF 		bl	ad9518_write
 2684              	.LVL279:
 550:Core/Src/ad9518.c ****     ad9518_write(d, AD9518_BCNT_L, (uint8_t)(p->b_counter & 0xFF));
 2685              		.loc 1 550 5 is_stmt 1 view .LVU649
 2686 006c 3279     		ldrb	r2, [r6, #4]	@ zero_extendqisi2
 2687 006e 1421     		movs	r1, #20
 2688 0070 2046     		mov	r0, r4
 2689 0072 FFF7FEFF 		bl	ad9518_write
 2690              	.LVL280:
 551:Core/Src/ad9518.c ****     ad9518_write(d, AD9518_BCNT_H, (uint8_t)((p->b_counter >> 8) & 0x1F));
 2691              		.loc 1 551 5 view .LVU650
 2692              		.loc 1 551 48 is_stmt 0 view .LVU651
 2693 0076 B288     		ldrh	r2, [r6, #4]
 2694              		.loc 1 551 5 view .LVU652
 2695 0078 C2F30422 		ubfx	r2, r2, #8, #5
 2696 007c 1521     		movs	r1, #21
 2697 007e 2046     		mov	r0, r4
 2698 0080 FFF7FEFF 		bl	ad9518_write
 2699              	.LVL281:
 552:Core/Src/ad9518.c ****     ad9518_write(d, AD9518_PLL1, (uint8_t)(p->prescaler_idx & AD9518_PLL1_PRESCALER_MASK));
 2700              		.loc 1 552 5 is_stmt 1 view .LVU653
 2701              		.loc 1 552 45 is_stmt 0 view .LVU654
 2702 0084 B279     		ldrb	r2, [r6, #6]	@ zero_extendqisi2
 2703              		.loc 1 552 5 view .LVU655
 2704 0086 02F00702 		and	r2, r2, #7
 2705 008a 1621     		movs	r1, #22
 2706 008c 2046     		mov	r0, r4
 2707 008e FFF7FEFF 		bl	ad9518_write
 2708              	.LVL282:
 553:Core/Src/ad9518.c ****     ad9518_write(d, AD9518_PLL2, 0x00);
 2709              		.loc 1 553 5 is_stmt 1 view .LVU656
 2710 0092 0022     		movs	r2, #0
 2711 0094 1721     		movs	r1, #23
 2712 0096 2046     		mov	r0, r4
 2713 0098 FFF7FEFF 		bl	ad9518_write
 2714              	.LVL283:
 554:Core/Src/ad9518.c **** 
 555:Core/Src/ad9518.c ****     /* --- Reference input enable ---
 556:Core/Src/ad9518.c ****      *
 557:Core/Src/ad9518.c ****      * The datasheet is explicit that all PLL reference inputs are OFF by
 558:Core/Src/ad9518.c ****      * default and that either a differential or a single-ended reference
 559:Core/Src/ad9518.c ****      * must be specifically enabled. Without this the PFD sees nothing and
 560:Core/Src/ad9518.c ****      * the PLL can never lock, even though every other register is correct.
 561:Core/Src/ad9518.c ****      *
 562:Core/Src/ad9518.c ****      * PLL7 (0x01C) controls the reference input buffers and selection.
 563:Core/Src/ad9518.c ****      * AD9518_REF_INPUT_CFG is defined in ad9518.h so it can be adjusted for
 564:Core/Src/ad9518.c ****      * a differential versus single-ended reference without touching this
 565:Core/Src/ad9518.c ****      * function. Verify the bit assignment against Table 44 of your
ARM GAS  /var/folders/0g/t37nqzqx51l7sfxbqc44l9hw0000gn/T//ccBBrdod.s 			page 70


 566:Core/Src/ad9518.c ****      * datasheet revision - the reference control bits moved between revs.
 567:Core/Src/ad9518.c ****      */
 568:Core/Src/ad9518.c ****     ad9518_write(d, AD9518_PLL7, AD9518_REF_INPUT_CFG);
 2715              		.loc 1 568 5 view .LVU657
 2716 009c 0222     		movs	r2, #2
 2717 009e 1C21     		movs	r1, #28
 2718 00a0 2046     		mov	r0, r4
 2719 00a2 FFF7FEFF 		bl	ad9518_write
 2720              	.LVL284:
 569:Core/Src/ad9518.c **** 
 570:Core/Src/ad9518.c ****     /* Single-ended AC-coupled references can chatter when the input stops
 571:Core/Src/ad9518.c ****      * toggling; 0x018[7] shifts the bias point down ~140 mV to prevent it.
 572:Core/Src/ad9518.c ****      * The cal-divider bits in the low nibble are preserved below. */
 573:Core/Src/ad9518.c **** 
 574:Core/Src/ad9518.c ****     /* --- Routing: internal VCO -> VCO divider -> channel dividers --- */
 575:Core/Src/ad9518.c ****     ad9518_write(d, AD9518_VCO_DIVIDER, (uint8_t)(p->vco_divider - 2));
 2721              		.loc 1 575 5 view .LVU658
 2722              		.loc 1 575 52 is_stmt 0 view .LVU659
 2723 00a6 327A     		ldrb	r2, [r6, #8]	@ zero_extendqisi2
 2724              		.loc 1 575 5 view .LVU660
 2725 00a8 023A     		subs	r2, r2, #2
 2726 00aa D2B2     		uxtb	r2, r2
 2727 00ac 4FF4F071 		mov	r1, #480
 2728 00b0 2046     		mov	r0, r4
 2729 00b2 FFF7FEFF 		bl	ad9518_write
 2730              	.LVL285:
 576:Core/Src/ad9518.c ****     ad9518_write(d, AD9518_INPUT_CLKS, AD9518_VCO_DIVIDER_SEL);
 2731              		.loc 1 576 5 is_stmt 1 view .LVU661
 2732 00b6 0222     		movs	r2, #2
 2733 00b8 40F2E111 		movw	r1, #481
 2734 00bc 2046     		mov	r0, r4
 2735 00be FFF7FEFF 		bl	ad9518_write
 2736              	.LVL286:
 577:Core/Src/ad9518.c **** 
 578:Core/Src/ad9518.c ****     /* --- Channel dividers 0 and 1 feed OUT0..OUT3 --- */
 579:Core/Src/ad9518.c ****     set_chan_divider(d, 0, p->chan_divider);
 2737              		.loc 1 579 5 view .LVU662
 2738 00c2 727A     		ldrb	r2, [r6, #9]	@ zero_extendqisi2
 2739 00c4 0021     		movs	r1, #0
 2740 00c6 2046     		mov	r0, r4
 2741 00c8 FFF7FEFF 		bl	set_chan_divider
 2742              	.LVL287:
 580:Core/Src/ad9518.c ****     set_chan_divider(d, 1, p->chan_divider);
 2743              		.loc 1 580 5 view .LVU663
 2744 00cc 727A     		ldrb	r2, [r6, #9]	@ zero_extendqisi2
 2745 00ce 0121     		movs	r1, #1
 2746 00d0 2046     		mov	r0, r4
 2747 00d2 FFF7FEFF 		bl	set_chan_divider
 2748              	.LVL288:
 581:Core/Src/ad9518.c **** 
 582:Core/Src/ad9518.c ****     /* --- Outputs ---
 583:Core/Src/ad9518.c ****      *
 584:Core/Src/ad9518.c ****      * The low two bits of each LVPECL output register are the power-down
 585:Core/Src/ad9518.c ****      * field: 0b00 enables the output, and setting them powers it down.
 586:Core/Src/ad9518.c ****      * AD9518_OUTPUT_MASK selects which of OUT0..OUT5 come up enabled;
 587:Core/Src/ad9518.c ****      * everything else is explicitly powered down rather than left at its
 588:Core/Src/ad9518.c ****      * reset value. Disabling unused outputs cuts power and stops unused
ARM GAS  /var/folders/0g/t37nqzqx51l7sfxbqc44l9hw0000gn/T//ccBBrdod.s 			page 71


 589:Core/Src/ad9518.c ****      * pairs radiating into the ones you care about.
 590:Core/Src/ad9518.c ****      */
 591:Core/Src/ad9518.c ****     for (int i = 0; i < AD9518_NUM_OUTPUTS; i++)
 2749              		.loc 1 591 5 view .LVU664
 2750              	.LBB40:
 2751              		.loc 1 591 10 view .LVU665
 2752              		.loc 1 591 14 is_stmt 0 view .LVU666
 2753 00d6 0025     		movs	r5, #0
 2754              		.loc 1 591 5 view .LVU667
 2755 00d8 04E0     		b	.L168
 2756              	.LVL289:
 2757              	.L179:
 2758              	.LBB41:
 592:Core/Src/ad9518.c ****     {
 593:Core/Src/ad9518.c ****         int on = (AD9518_OUTPUT_MASK >> i) & 1;
 594:Core/Src/ad9518.c ****         ad9518_write(d, AD9518_OUT_LVPECL(i), on ? 0x08 : 0x0B);
 2759              		.loc 1 594 9 discriminator 1 view .LVU668
 2760 00da 0822     		movs	r2, #8
 2761              	.L169:
 2762              		.loc 1 594 9 discriminator 4 view .LVU669
 2763 00dc 2046     		mov	r0, r4
 2764 00de FFF7FEFF 		bl	ad9518_write
 2765              	.LVL290:
 2766              	.LBE41:
 591:Core/Src/ad9518.c ****     {
 2767              		.loc 1 591 46 is_stmt 1 discriminator 2 view .LVU670
 2768 00e2 0135     		adds	r5, r5, #1
 2769              	.LVL291:
 2770              	.L168:
 591:Core/Src/ad9518.c ****     {
 2771              		.loc 1 591 23 discriminator 1 view .LVU671
 2772 00e4 052D     		cmp	r5, #5
 2773 00e6 06DC     		bgt	.L178
 2774              	.LBB42:
 593:Core/Src/ad9518.c ****         ad9518_write(d, AD9518_OUT_LVPECL(i), on ? 0x08 : 0x0B);
 2775              		.loc 1 593 9 view .LVU672
 2776              	.LVL292:
 2777              		.loc 1 594 9 view .LVU673
 2778 00e8 05F1F001 		add	r1, r5, #240
 2779 00ec 89B2     		uxth	r1, r1
 2780 00ee 002D     		cmp	r5, #0
 2781 00f0 F3D0     		beq	.L179
 2782              		.loc 1 594 9 is_stmt 0 discriminator 2 view .LVU674
 2783 00f2 0B22     		movs	r2, #11
 2784 00f4 F2E7     		b	.L169
 2785              	.LVL293:
 2786              	.L178:
 2787              		.loc 1 594 9 discriminator 2 view .LVU675
 2788              	.LBE42:
 2789              	.LBE40:
 595:Core/Src/ad9518.c ****     }
 596:Core/Src/ad9518.c **** 
 597:Core/Src/ad9518.c ****     ad9518_write(d, AD9518_POWDOWN_SYNC, 0x00);
 2790              		.loc 1 597 5 is_stmt 1 view .LVU676
 2791 00f6 0022     		movs	r2, #0
 2792 00f8 4FF40C71 		mov	r1, #560
 2793 00fc 2046     		mov	r0, r4
ARM GAS  /var/folders/0g/t37nqzqx51l7sfxbqc44l9hw0000gn/T//ccBBrdod.s 			page 72


 2794 00fe FFF7FEFF 		bl	ad9518_write
 2795              	.LVL294:
 598:Core/Src/ad9518.c **** 
 599:Core/Src/ad9518.c ****     /* Cal divider select lives in PLL3[2:1]; 0x06 selects the ADI default. */
 600:Core/Src/ad9518.c ****     const uint8_t pll3 = 0x06;
 2796              		.loc 1 600 5 view .LVU677
 601:Core/Src/ad9518.c **** 
 602:Core/Src/ad9518.c ****     /* Commit with the calibration bit cleared, then set it and commit again.
 603:Core/Src/ad9518.c ****      * The rising edge of VCO_CAL is what starts a calibration. */
 604:Core/Src/ad9518.c ****     ad9518_write(d, AD9518_PLL3, (uint8_t)(pll3 & ~AD9518_PLL3_VCO_CAL));
 2797              		.loc 1 604 5 view .LVU678
 2798 0102 0622     		movs	r2, #6
 2799 0104 1821     		movs	r1, #24
 2800 0106 2046     		mov	r0, r4
 2801 0108 FFF7FEFF 		bl	ad9518_write
 2802              	.LVL295:
 605:Core/Src/ad9518.c ****     ad9518_transfer(d);
 2803              		.loc 1 605 5 view .LVU679
 2804 010c 2046     		mov	r0, r4
 2805 010e FFF7FEFF 		bl	ad9518_transfer
 2806              	.LVL296:
 606:Core/Src/ad9518.c **** 
 607:Core/Src/ad9518.c ****     ad9518_write(d, AD9518_PLL3, (uint8_t)(pll3 | AD9518_PLL3_VCO_CAL));
 2807              		.loc 1 607 5 view .LVU680
 2808 0112 0722     		movs	r2, #7
 2809 0114 1821     		movs	r1, #24
 2810 0116 2046     		mov	r0, r4
 2811 0118 FFF7FEFF 		bl	ad9518_write
 2812              	.LVL297:
 608:Core/Src/ad9518.c ****     ad9518_transfer(d);
 2813              		.loc 1 608 5 view .LVU681
 2814 011c 2046     		mov	r0, r4
 2815 011e FFF7FEFF 		bl	ad9518_transfer
 2816              	.LVL298:
 609:Core/Src/ad9518.c **** 
 610:Core/Src/ad9518.c ****     /* tcal = 4400 * R * cal_div / f_ref  (Linux driver's formula). */
 611:Core/Src/ad9518.c ****     uint32_t cal_div = 2u << ((pll3 >> 1) & 0x3);
 2817              		.loc 1 611 5 view .LVU682
 612:Core/Src/ad9518.c ****     uint32_t cal_ms = (4400u * p->r_counter * cal_div) / (ref_hz / 1000u);
 2818              		.loc 1 612 5 view .LVU683
 2819              		.loc 1 612 33 is_stmt 0 view .LVU684
 2820 0122 3588     		ldrh	r5, [r6]
 2821              	.LVL299:
 2822              		.loc 1 612 45 view .LVU685
 2823 0124 1D4B     		ldr	r3, .L180+8
 2824 0126 03FB05F5 		mul	r5, r3, r5
 2825              		.loc 1 612 66 view .LVU686
 2826 012a 1D4B     		ldr	r3, .L180+12
 2827 012c A3FB0737 		umull	r3, r7, r3, r7
 2828              	.LVL300:
 2829              		.loc 1 612 66 view .LVU687
 2830 0130 BF09     		lsrs	r7, r7, #6
 2831              		.loc 1 612 14 view .LVU688
 2832 0132 B5FBF7F5 		udiv	r5, r5, r7
 2833              	.LVL301:
 613:Core/Src/ad9518.c ****     Df(d, "[apply] VCO cal, waiting %lu ms\r\n", (unsigned long)(cal_ms + 5));
 2834              		.loc 1 613 5 is_stmt 1 view .LVU689
ARM GAS  /var/folders/0g/t37nqzqx51l7sfxbqc44l9hw0000gn/T//ccBBrdod.s 			page 73


 2835 0136 0535     		adds	r5, r5, #5
 2836              	.LVL302:
 2837              		.loc 1 613 5 is_stmt 0 view .LVU690
 2838 0138 2A46     		mov	r2, r5
 2839 013a 1A49     		ldr	r1, .L180+16
 2840 013c 2046     		mov	r0, r4
 2841 013e FFF7FEFF 		bl	Df
 2842              	.LVL303:
 614:Core/Src/ad9518.c ****     d->delay_ms(cal_ms + 5);
 2843              		.loc 1 614 5 is_stmt 1 view .LVU691
 2844              		.loc 1 614 6 is_stmt 0 view .LVU692
 2845 0142 E369     		ldr	r3, [r4, #28]
 2846              		.loc 1 614 5 view .LVU693
 2847 0144 2846     		mov	r0, r5
 2848 0146 9847     		blx	r3
 2849              	.LVL304:
 615:Core/Src/ad9518.c **** 
 616:Core/Src/ad9518.c ****     /*
 617:Core/Src/ad9518.c ****      * Soft sync.
 618:Core/Src/ad9518.c ****      *
 619:Core/Src/ad9518.c ****      * The channel dividers hold their outputs in a static preset state
 620:Core/Src/ad9518.c ****      * until a sync releases them. A sync happens automatically at the end
 621:Core/Src/ad9518.c ****      * of VCO calibration, but issuing one explicitly is harmless and covers
 622:Core/Src/ad9518.c ****      * the case where the outputs were left static by an earlier event.
 623:Core/Src/ad9518.c ****      *
 624:Core/Src/ad9518.c ****      * Per the datasheet, sync is executed by setting and then resetting the
 625:Core/Src/ad9518.c ****      * soft sync bit, and both the set and the reset need an update-all
 626:Core/Src/ad9518.c ****      * operation to take effect.
 627:Core/Src/ad9518.c ****      */
 628:Core/Src/ad9518.c ****     D(d, "[apply] soft sync to release output dividers\r\n");
 2850              		.loc 1 628 5 is_stmt 1 view .LVU694
 2851 0148 1749     		ldr	r1, .L180+20
 2852 014a 2046     		mov	r0, r4
 2853 014c FFF7FEFF 		bl	D
 2854              	.LVL305:
 629:Core/Src/ad9518.c ****     ad9518_write(d, AD9518_POWDOWN_SYNC, 0x01); /* 0x230[0] = 1 */
 2855              		.loc 1 629 5 view .LVU695
 2856 0150 0122     		movs	r2, #1
 2857 0152 4FF40C71 		mov	r1, #560
 2858 0156 2046     		mov	r0, r4
 2859 0158 FFF7FEFF 		bl	ad9518_write
 2860              	.LVL306:
 630:Core/Src/ad9518.c ****     ad9518_transfer(d);
 2861              		.loc 1 630 5 view .LVU696
 2862 015c 2046     		mov	r0, r4
 2863 015e FFF7FEFF 		bl	ad9518_transfer
 2864              	.LVL307:
 631:Core/Src/ad9518.c ****     d->delay_ms(1);
 2865              		.loc 1 631 5 view .LVU697
 2866              		.loc 1 631 6 is_stmt 0 view .LVU698
 2867 0162 E369     		ldr	r3, [r4, #28]
 2868              		.loc 1 631 5 view .LVU699
 2869 0164 0120     		movs	r0, #1
 2870 0166 9847     		blx	r3
 2871              	.LVL308:
 632:Core/Src/ad9518.c ****     ad9518_write(d, AD9518_POWDOWN_SYNC, 0x00); /* 0x230[0] = 0 */
 2872              		.loc 1 632 5 is_stmt 1 view .LVU700
ARM GAS  /var/folders/0g/t37nqzqx51l7sfxbqc44l9hw0000gn/T//ccBBrdod.s 			page 74


 2873 0168 0022     		movs	r2, #0
 2874 016a 4FF40C71 		mov	r1, #560
 2875 016e 2046     		mov	r0, r4
 2876 0170 FFF7FEFF 		bl	ad9518_write
 2877              	.LVL309:
 633:Core/Src/ad9518.c ****     ad9518_transfer(d);
 2878              		.loc 1 633 5 view .LVU701
 2879 0174 2046     		mov	r0, r4
 2880 0176 FFF7FEFF 		bl	ad9518_transfer
 2881              	.LVL310:
 634:Core/Src/ad9518.c ****     d->delay_ms(1);
 2882              		.loc 1 634 5 view .LVU702
 2883              		.loc 1 634 6 is_stmt 0 view .LVU703
 2884 017a E369     		ldr	r3, [r4, #28]
 2885              		.loc 1 634 5 view .LVU704
 2886 017c 0120     		movs	r0, #1
 2887 017e 9847     		blx	r3
 2888              	.LVL311:
 635:Core/Src/ad9518.c **** 
 636:Core/Src/ad9518.c ****     return 0;
 2889              		.loc 1 636 5 is_stmt 1 view .LVU705
 2890              		.loc 1 636 12 is_stmt 0 view .LVU706
 2891 0180 0020     		movs	r0, #0
 2892              	.LVL312:
 2893              	.L166:
 637:Core/Src/ad9518.c **** }
 2894              		.loc 1 637 1 view .LVU707
 2895 0182 05B0     		add	sp, sp, #20
 2896              	.LCFI34:
 2897              		.cfi_def_cfa_offset 20
 2898              		@ sp needed
 2899 0184 F0BD     		pop	{r4, r5, r6, r7, pc}
 2900              	.LVL313:
 2901              	.L171:
 2902              	.LCFI35:
 2903              		.cfi_def_cfa_offset 0
 2904              		.cfi_restore 4
 2905              		.cfi_restore 5
 2906              		.cfi_restore 6
 2907              		.cfi_restore 7
 2908              		.cfi_restore 14
 526:Core/Src/ad9518.c **** 
 2909              		.loc 1 526 16 view .LVU708
 2910 0186 4FF0FF30 		mov	r0, #-1
 2911              	.LVL314:
 2912              		.loc 1 637 1 view .LVU709
 2913 018a 7047     		bx	lr
 2914              	.LVL315:
 2915              	.L172:
 2916              	.LCFI36:
 2917              		.cfi_def_cfa_offset 40
 2918              		.cfi_offset 4, -20
 2919              		.cfi_offset 5, -16
 2920              		.cfi_offset 6, -12
 2921              		.cfi_offset 7, -8
 2922              		.cfi_offset 14, -4
 526:Core/Src/ad9518.c **** 
ARM GAS  /var/folders/0g/t37nqzqx51l7sfxbqc44l9hw0000gn/T//ccBBrdod.s 			page 75


 2923              		.loc 1 526 16 view .LVU710
 2924 018c 4FF0FF30 		mov	r0, #-1
 2925              	.LVL316:
 526:Core/Src/ad9518.c **** 
 2926              		.loc 1 526 16 view .LVU711
 2927 0190 F7E7     		b	.L166
 2928              	.L181:
 2929 0192 00BF     		.align	2
 2930              	.L180:
 2931 0194 00000000 		.word	.LC44
 2932 0198 30000000 		.word	.LC45
 2933 019c 00130100 		.word	70400
 2934 01a0 D34D6210 		.word	274877907
 2935 01a4 64000000 		.word	.LC46
 2936 01a8 88000000 		.word	.LC47
 2937              		.cfi_endproc
 2938              	.LFE21:
 2940              		.section	.rodata.ad9518_set_frequency.str1.4,"aMS",%progbits,1
 2941              		.align	2
 2942              	.LC48:
 2943 0000 5B706C61 		.ascii	"[plan] no divider combination reaches %lu Hz\015\012"
 2943      6E5D206E 
 2943      6F206469 
 2943      76696465 
 2943      7220636F 
 2944 002e 00       		.ascii	"\000"
 2945 002f 00       		.align	2
 2946              	.LC49:
 2947 0030 5B706C61 		.ascii	"[plan] exact %lu Hz not reachable; nearest is %lu H"
 2947      6E5D2065 
 2947      78616374 
 2947      20256C75 
 2947      20487A20 
 2948 0063 7A0D0A00 		.ascii	"z\015\012\000"
 2949              		.section	.text.ad9518_set_frequency,"ax",%progbits
 2950              		.align	1
 2951              		.global	ad9518_set_frequency
 2952              		.syntax unified
 2953              		.thumb
 2954              		.thumb_func
 2956              	ad9518_set_frequency:
 2957              	.LVL317:
 2958              	.LFB22:
 638:Core/Src/ad9518.c **** 
 639:Core/Src/ad9518.c **** int ad9518_set_frequency(ad9518_dev_t *d, uint32_t ref_hz, uint32_t target_hz,
 640:Core/Src/ad9518.c ****                          uint32_t vco_min_hz, uint32_t vco_max_hz,
 641:Core/Src/ad9518.c ****                          ad9518_plan_t *out_plan)
 642:Core/Src/ad9518.c **** {
 2959              		.loc 1 642 1 is_stmt 1 view -0
 2960              		.cfi_startproc
 2961              		@ args = 8, pretend = 0, frame = 24
 2962              		@ frame_needed = 0, uses_anonymous_args = 0
 2963              		.loc 1 642 1 is_stmt 0 view .LVU713
 2964 0000 F0B5     		push	{r4, r5, r6, r7, lr}
 2965              	.LCFI37:
 2966              		.cfi_def_cfa_offset 20
 2967              		.cfi_offset 4, -20
ARM GAS  /var/folders/0g/t37nqzqx51l7sfxbqc44l9hw0000gn/T//ccBBrdod.s 			page 76


 2968              		.cfi_offset 5, -16
 2969              		.cfi_offset 6, -12
 2970              		.cfi_offset 7, -8
 2971              		.cfi_offset 14, -4
 2972 0002 89B0     		sub	sp, sp, #36
 2973              	.LCFI38:
 2974              		.cfi_def_cfa_offset 56
 2975 0004 0746     		mov	r7, r0
 2976 0006 0D46     		mov	r5, r1
 2977 0008 1646     		mov	r6, r2
 2978 000a 1A46     		mov	r2, r3
 2979              	.LVL318:
 2980              		.loc 1 642 1 view .LVU714
 2981 000c 0F9C     		ldr	r4, [sp, #60]
 643:Core/Src/ad9518.c ****     ad9518_plan_t p;
 2982              		.loc 1 643 5 is_stmt 1 view .LVU715
 644:Core/Src/ad9518.c ****     int r = ad9518_plan(ref_hz, target_hz, vco_min_hz, vco_max_hz, &p);
 2983              		.loc 1 644 5 view .LVU716
 2984              		.loc 1 644 13 is_stmt 0 view .LVU717
 2985 000e 03AB     		add	r3, sp, #12
 2986              	.LVL319:
 2987              		.loc 1 644 13 view .LVU718
 2988 0010 0093     		str	r3, [sp]
 2989 0012 0E9B     		ldr	r3, [sp, #56]
 2990 0014 3146     		mov	r1, r6
 2991              	.LVL320:
 2992              		.loc 1 644 13 view .LVU719
 2993 0016 2846     		mov	r0, r5
 2994              	.LVL321:
 2995              		.loc 1 644 13 view .LVU720
 2996 0018 FFF7FEFF 		bl	ad9518_plan
 2997              	.LVL322:
 645:Core/Src/ad9518.c **** 
 646:Core/Src/ad9518.c ****     if (r < 0)
 2998              		.loc 1 646 5 is_stmt 1 view .LVU721
 2999              		.loc 1 646 8 is_stmt 0 view .LVU722
 3000 001c 031E     		subs	r3, r0, #0
 3001 001e 11DB     		blt	.L188
 647:Core/Src/ad9518.c ****     {
 648:Core/Src/ad9518.c ****         Df(d, "[plan] no divider combination reaches %lu Hz\r\n",
 649:Core/Src/ad9518.c ****            (unsigned long)target_hz);
 650:Core/Src/ad9518.c ****         return -1;
 651:Core/Src/ad9518.c ****     }
 652:Core/Src/ad9518.c ****     if (r == 1)
 3002              		.loc 1 652 5 is_stmt 1 view .LVU723
 3003              		.loc 1 652 8 is_stmt 0 view .LVU724
 3004 0020 012B     		cmp	r3, #1
 3005 0022 17D0     		beq	.L189
 3006              	.LVL323:
 3007              	.L185:
 653:Core/Src/ad9518.c ****     {
 654:Core/Src/ad9518.c ****         Df(d, "[plan] exact %lu Hz not reachable; nearest is %lu Hz\r\n",
 655:Core/Src/ad9518.c ****            (unsigned long)target_hz, (unsigned long)p.out_hz);
 656:Core/Src/ad9518.c ****     }
 657:Core/Src/ad9518.c **** 
 658:Core/Src/ad9518.c ****     if (out_plan)
 3008              		.loc 1 658 5 is_stmt 1 view .LVU725
ARM GAS  /var/folders/0g/t37nqzqx51l7sfxbqc44l9hw0000gn/T//ccBBrdod.s 			page 77


 3009              		.loc 1 658 8 is_stmt 0 view .LVU726
 3010 0024 3CB1     		cbz	r4, .L186
 659:Core/Src/ad9518.c ****         *out_plan = p;
 3011              		.loc 1 659 9 is_stmt 1 view .LVU727
 3012              		.loc 1 659 19 is_stmt 0 view .LVU728
 3013 0026 A446     		mov	ip, r4
 3014 0028 03AC     		add	r4, sp, #12
 3015 002a 0FCC     		ldmia	r4!, {r0, r1, r2, r3}
 3016 002c ACE80F00 		stmia	ip!, {r0, r1, r2, r3}
 3017 0030 2368     		ldr	r3, [r4]
 3018 0032 CCF80030 		str	r3, [ip]
 3019              	.L186:
 660:Core/Src/ad9518.c ****     return ad9518_apply(d, &p, ref_hz);
 3020              		.loc 1 660 5 is_stmt 1 view .LVU729
 3021              		.loc 1 660 12 is_stmt 0 view .LVU730
 3022 0036 2A46     		mov	r2, r5
 3023 0038 03A9     		add	r1, sp, #12
 3024 003a 3846     		mov	r0, r7
 3025 003c FFF7FEFF 		bl	ad9518_apply
 3026              	.LVL324:
 3027              	.L182:
 661:Core/Src/ad9518.c **** }
 3028              		.loc 1 661 1 view .LVU731
 3029 0040 09B0     		add	sp, sp, #36
 3030              	.LCFI39:
 3031              		.cfi_remember_state
 3032              		.cfi_def_cfa_offset 20
 3033              		@ sp needed
 3034 0042 F0BD     		pop	{r4, r5, r6, r7, pc}
 3035              	.LVL325:
 3036              	.L188:
 3037              	.LCFI40:
 3038              		.cfi_restore_state
 648:Core/Src/ad9518.c ****            (unsigned long)target_hz);
 3039              		.loc 1 648 9 is_stmt 1 view .LVU732
 3040 0044 3246     		mov	r2, r6
 3041 0046 0749     		ldr	r1, .L190
 3042 0048 3846     		mov	r0, r7
 3043              	.LVL326:
 648:Core/Src/ad9518.c ****            (unsigned long)target_hz);
 3044              		.loc 1 648 9 is_stmt 0 view .LVU733
 3045 004a FFF7FEFF 		bl	Df
 3046              	.LVL327:
 650:Core/Src/ad9518.c ****     }
 3047              		.loc 1 650 9 is_stmt 1 view .LVU734
 650:Core/Src/ad9518.c ****     }
 3048              		.loc 1 650 16 is_stmt 0 view .LVU735
 3049 004e 4FF0FF30 		mov	r0, #-1
 3050 0052 F5E7     		b	.L182
 3051              	.LVL328:
 3052              	.L189:
 654:Core/Src/ad9518.c ****            (unsigned long)target_hz, (unsigned long)p.out_hz);
 3053              		.loc 1 654 9 is_stmt 1 view .LVU736
 3054 0054 079B     		ldr	r3, [sp, #28]
 3055 0056 3246     		mov	r2, r6
 3056 0058 0349     		ldr	r1, .L190+4
 3057 005a 3846     		mov	r0, r7
ARM GAS  /var/folders/0g/t37nqzqx51l7sfxbqc44l9hw0000gn/T//ccBBrdod.s 			page 78


 3058              	.LVL329:
 654:Core/Src/ad9518.c ****            (unsigned long)target_hz, (unsigned long)p.out_hz);
 3059              		.loc 1 654 9 is_stmt 0 view .LVU737
 3060 005c FFF7FEFF 		bl	Df
 3061              	.LVL330:
 3062 0060 E0E7     		b	.L185
 3063              	.L191:
 3064 0062 00BF     		.align	2
 3065              	.L190:
 3066 0064 00000000 		.word	.LC48
 3067 0068 30000000 		.word	.LC49
 3068              		.cfi_endproc
 3069              	.LFE22:
 3071              		.section	.rodata.ad9518_ref_config_sweep.str1.4,"aMS",%progbits,1
 3072              		.align	2
 3073              	.LC50:
 3074 0000 5B726566 		.ascii	"[refsweep] searching for a reference config that lo"
 3074      73776565 
 3074      705D2073 
 3074      65617263 
 3074      68696E67 
 3075 0033 636B730D 		.ascii	"cks\015\012\000"
 3075      0A00
 3076 0039 000000   		.align	2
 3077              	.LC51:
 3078 003c 20204C4F 		.ascii	"  LOCKED with 0x01C=0x%02X, 0x018[7]=%d (0x01F=0x%0"
 3078      434B4544 
 3078      20776974 
 3078      68203078 
 3078      3031433D 
 3079 006f 3258290D 		.ascii	"2X)\015\012\000"
 3079      0A00
 3080 0075 000000   		.align	2
 3081              	.LC52:
 3082 0078 20203078 		.ascii	"  0x01C=0x%02X bias=%d -> 0x01F=0x%02X\015\012\000"
 3082      3031433D 
 3082      30782530 
 3082      32582062 
 3082      6961733D 
 3083 00a1 000000   		.align	2
 3084              	.LC53:
 3085 00a4 5B726566 		.ascii	"[refsweep] no reference configuration produced lock"
 3085      73776565 
 3085      705D206E 
 3085      6F207265 
 3085      66657265 
 3086 00d7 0D0A00   		.ascii	"\015\012\000"
 3087 00da 0000     		.align	2
 3088              	.LC54:
 3089 00dc 20205468 		.ascii	"  This points upstream of the register map. Verify:"
 3089      69732070 
 3089      6F696E74 
 3089      73207570 
 3089      73747265 
 3090 010f 0D0A00   		.ascii	"\015\012\000"
 3091 0112 0000     		.align	2
 3092              	.LC55:
ARM GAS  /var/folders/0g/t37nqzqx51l7sfxbqc44l9hw0000gn/T//ccBBrdod.s 			page 79


 3093 0114 20202020 		.ascii	"    - 25 MHz actually present at the REFIN pin\015\012"
 3093      2D203235 
 3093      204D487A 
 3093      20616374 
 3093      75616C6C 
 3094 0144 00       		.ascii	"\000"
 3095 0145 000000   		.align	2
 3096              	.LC56:
 3097 0148 20202020 		.ascii	"    - REF_SEL pin low (it has a 30k pull-down; high"
 3097      2D205245 
 3097      465F5345 
 3097      4C207069 
 3097      6E206C6F 
 3098 017b 2073656C 		.ascii	" selects REF2)\015\012\000"
 3098      65637473 
 3098      20524546 
 3098      32290D0A 
 3098      00
 3099              		.align	2
 3100              	.LC57:
 3101 018c 20202020 		.ascii	"    - loop filter components populated between CP a"
 3101      2D206C6F 
 3101      6F702066 
 3101      696C7465 
 3101      7220636F 
 3102 01bf 6E642056 		.ascii	"nd VCO tune\015\012\000"
 3102      434F2074 
 3102      756E650D 
 3102      0A00
 3103              		.section	.text.ad9518_ref_config_sweep,"ax",%progbits
 3104              		.align	1
 3105              		.global	ad9518_ref_config_sweep
 3106              		.syntax unified
 3107              		.thumb
 3108              		.thumb_func
 3110              	ad9518_ref_config_sweep:
 3111              	.LVL331:
 3112              	.LFB23:
 662:Core/Src/ad9518.c **** 
 663:Core/Src/ad9518.c **** /* ------------------------------------------------------------------ */
 664:Core/Src/ad9518.c **** /* status                                                              */
 665:Core/Src/ad9518.c **** /* ------------------------------------------------------------------ */
 666:Core/Src/ad9518.c **** 
 667:Core/Src/ad9518.c **** /*
 668:Core/Src/ad9518.c ****  * Brute-force the reference input configuration until the PLL locks.
 669:Core/Src/ad9518.c ****  *
 670:Core/Src/ad9518.c ****  * Register 0x01C selects and powers the reference input buffers, and its
 671:Core/Src/ad9518.c ****  * bit assignments were revised between datasheet revisions, so a value
 672:Core/Src/ad9518.c ****  * copied from an application note or an older driver may be wrong for the
 673:Core/Src/ad9518.c ****  * silicon actually fitted. Rather than trust one value, try them and let
 674:Core/Src/ad9518.c ****  * the digital lock detect decide.
 675:Core/Src/ad9518.c ****  *
 676:Core/Src/ad9518.c ****  * Register 0x018[7] is also swept: for a single-ended AC-coupled reference
 677:Core/Src/ad9518.c ****  * it shifts the input bias point down ~140 mV to stop the input buffer
 678:Core/Src/ad9518.c ****  * chattering when the reference is slow or missing. It matters for some
 679:Core/Src/ad9518.c ****  * reference drivers and not others.
 680:Core/Src/ad9518.c ****  *
ARM GAS  /var/folders/0g/t37nqzqx51l7sfxbqc44l9hw0000gn/T//ccBBrdod.s 			page 80


 681:Core/Src/ad9518.c ****  * Assumes the PLL counters, routing and channel dividers are already
 682:Core/Src/ad9518.c ****  * programmed - call this after ad9518_apply(). Returns 0 on lock with the
 683:Core/Src/ad9518.c ****  * working values left in place, -1 if nothing locked.
 684:Core/Src/ad9518.c ****  */
 685:Core/Src/ad9518.c **** int ad9518_ref_config_sweep(ad9518_dev_t *d, uint32_t settle_ms)
 686:Core/Src/ad9518.c **** {
 3113              		.loc 1 686 1 is_stmt 1 view -0
 3114              		.cfi_startproc
 3115              		@ args = 0, pretend = 0, frame = 8
 3116              		@ frame_needed = 0, uses_anonymous_args = 0
 3117              		.loc 1 686 1 is_stmt 0 view .LVU739
 3118 0000 2DE9F041 		push	{r4, r5, r6, r7, r8, lr}
 3119              	.LCFI41:
 3120              		.cfi_def_cfa_offset 24
 3121              		.cfi_offset 4, -24
 3122              		.cfi_offset 5, -20
 3123              		.cfi_offset 6, -16
 3124              		.cfi_offset 7, -12
 3125              		.cfi_offset 8, -8
 3126              		.cfi_offset 14, -4
 3127 0004 84B0     		sub	sp, sp, #16
 3128              	.LCFI42:
 3129              		.cfi_def_cfa_offset 40
 3130 0006 0446     		mov	r4, r0
 3131 0008 0F46     		mov	r7, r1
 687:Core/Src/ad9518.c ****     const uint8_t cal_base = 0x06; /* cal divider bits, cal bit cleared */
 3132              		.loc 1 687 5 is_stmt 1 view .LVU740
 3133              	.LVL332:
 688:Core/Src/ad9518.c **** 
 689:Core/Src/ad9518.c ****     D(d, "[refsweep] searching for a reference config that locks\r\n");
 3134              		.loc 1 689 5 view .LVU741
 3135 000a 3549     		ldr	r1, .L207
 3136              	.LVL333:
 3137              		.loc 1 689 5 is_stmt 0 view .LVU742
 3138 000c FFF7FEFF 		bl	D
 3139              	.LVL334:
 690:Core/Src/ad9518.c **** 
 691:Core/Src/ad9518.c ****     for (int offs = 0; offs < 2; offs++)
 3140              		.loc 1 691 5 is_stmt 1 view .LVU743
 3141              	.LBB43:
 3142              		.loc 1 691 10 view .LVU744
 3143              		.loc 1 691 14 is_stmt 0 view .LVU745
 3144 0010 4FF00008 		mov	r8, #0
 3145              	.LVL335:
 3146              	.L193:
 3147              		.loc 1 691 29 is_stmt 1 discriminator 1 view .LVU746
 3148 0014 B8F1010F 		cmp	r8, #1
 3149 0018 4BDC     		bgt	.L203
 3150              	.LBB44:
 692:Core/Src/ad9518.c ****     {
 693:Core/Src/ad9518.c ****         uint8_t bias = offs ? 0x80 : 0x00;
 3151              		.loc 1 693 9 view .LVU747
 3152              		.loc 1 693 17 is_stmt 0 view .LVU748
 3153 001a B8F1000F 		cmp	r8, #0
 3154 001e 02D0     		beq	.L201
 3155              		.loc 1 693 17 discriminator 1 view .LVU749
 3156 0020 8026     		movs	r6, #128
ARM GAS  /var/folders/0g/t37nqzqx51l7sfxbqc44l9hw0000gn/T//ccBBrdod.s 			page 81


 3157              	.L194:
 3158              	.LVL336:
 694:Core/Src/ad9518.c **** 
 695:Core/Src/ad9518.c ****         for (uint8_t cfg = 0x00; cfg <= 0x3F; cfg++)
 3159              		.loc 1 695 9 is_stmt 1 view .LVU750
 3160              	.LBB45:
 3161              		.loc 1 695 14 view .LVU751
 3162              		.loc 1 695 22 is_stmt 0 view .LVU752
 3163 0022 0025     		movs	r5, #0
 3164              		.loc 1 695 9 view .LVU753
 3165 0024 15E0     		b	.L195
 3166              	.LVL337:
 3167              	.L201:
 3168              		.loc 1 695 9 view .LVU754
 3169              	.LBE45:
 693:Core/Src/ad9518.c **** 
 3170              		.loc 1 693 17 discriminator 2 view .LVU755
 3171 0026 0026     		movs	r6, #0
 3172 0028 FBE7     		b	.L194
 3173              	.LVL338:
 3174              	.L205:
 3175              	.LBB49:
 3176              	.LBB46:
 696:Core/Src/ad9518.c ****         {
 697:Core/Src/ad9518.c ****             ad9518_write(d, AD9518_PLL7, cfg);
 698:Core/Src/ad9518.c **** 
 699:Core/Src/ad9518.c ****             /* Re-run VCO calibration for this reference setting. */
 700:Core/Src/ad9518.c ****             ad9518_write(d, AD9518_PLL3, (uint8_t)(bias | (cal_base & ~AD9518_PLL3_VCO_CAL)));
 701:Core/Src/ad9518.c ****             ad9518_transfer(d);
 702:Core/Src/ad9518.c ****             ad9518_write(d, AD9518_PLL3, (uint8_t)(bias | cal_base | AD9518_PLL3_VCO_CAL));
 703:Core/Src/ad9518.c ****             ad9518_transfer(d);
 704:Core/Src/ad9518.c **** 
 705:Core/Src/ad9518.c ****             d->delay_ms(settle_ms);
 706:Core/Src/ad9518.c **** 
 707:Core/Src/ad9518.c ****             uint8_t st = 0;
 708:Core/Src/ad9518.c ****             ad9518_read(d, AD9518_PLL_RB, &st);
 709:Core/Src/ad9518.c **** 
 710:Core/Src/ad9518.c ****             if (st & 0x01)
 711:Core/Src/ad9518.c ****             {
 712:Core/Src/ad9518.c ****                 Df(d, "  LOCKED with 0x01C=0x%02X, 0x018[7]=%d (0x01F=0x%02X)\r\n",
 3177              		.loc 1 712 17 is_stmt 1 view .LVU756
 3178 002a 0093     		str	r3, [sp]
 3179 002c 4346     		mov	r3, r8
 3180 002e 2A46     		mov	r2, r5
 3181 0030 2C49     		ldr	r1, .L207+4
 3182 0032 2046     		mov	r0, r4
 3183 0034 FFF7FEFF 		bl	Df
 3184              	.LVL339:
 713:Core/Src/ad9518.c ****                    cfg, offs, st);
 714:Core/Src/ad9518.c ****                 return 0;
 3185              		.loc 1 714 17 view .LVU757
 3186              		.loc 1 714 24 is_stmt 0 view .LVU758
 3187 0038 0020     		movs	r0, #0
 3188              	.LVL340:
 3189              	.L192:
 3190              		.loc 1 714 24 view .LVU759
 3191              	.LBE46:
ARM GAS  /var/folders/0g/t37nqzqx51l7sfxbqc44l9hw0000gn/T//ccBBrdod.s 			page 82


 3192              	.LBE49:
 3193              	.LBE44:
 3194              	.LBE43:
 715:Core/Src/ad9518.c ****             }
 716:Core/Src/ad9518.c **** 
 717:Core/Src/ad9518.c ****             /* Report anything that at least changes the status byte, so a
 718:Core/Src/ad9518.c ****              * partially-working setting is visible even without lock. */
 719:Core/Src/ad9518.c ****             if (st != 0x0E)
 720:Core/Src/ad9518.c ****                 Df(d, "  0x01C=0x%02X bias=%d -> 0x01F=0x%02X\r\n", cfg, offs, st);
 721:Core/Src/ad9518.c ****         }
 722:Core/Src/ad9518.c ****     }
 723:Core/Src/ad9518.c **** 
 724:Core/Src/ad9518.c ****     D(d, "[refsweep] no reference configuration produced lock\r\n");
 725:Core/Src/ad9518.c ****     D(d, "  This points upstream of the register map. Verify:\r\n");
 726:Core/Src/ad9518.c ****     D(d, "    - 25 MHz actually present at the REFIN pin\r\n");
 727:Core/Src/ad9518.c ****     D(d, "    - REF_SEL pin low (it has a 30k pull-down; high selects REF2)\r\n");
 728:Core/Src/ad9518.c ****     D(d, "    - loop filter components populated between CP and VCO tune\r\n");
 729:Core/Src/ad9518.c ****     return -1;
 730:Core/Src/ad9518.c **** }
 3195              		.loc 1 730 1 view .LVU760
 3196 003a 04B0     		add	sp, sp, #16
 3197              	.LCFI43:
 3198              		.cfi_remember_state
 3199              		.cfi_def_cfa_offset 24
 3200              		@ sp needed
 3201 003c BDE8F081 		pop	{r4, r5, r6, r7, r8, pc}
 3202              	.LVL341:
 3203              	.L206:
 3204              	.LCFI44:
 3205              		.cfi_restore_state
 3206              	.LBB52:
 3207              	.LBB51:
 3208              	.LBB50:
 3209              	.LBB47:
 720:Core/Src/ad9518.c ****         }
 3210              		.loc 1 720 17 is_stmt 1 view .LVU761
 3211 0040 0093     		str	r3, [sp]
 3212 0042 4346     		mov	r3, r8
 3213 0044 2A46     		mov	r2, r5
 3214 0046 2849     		ldr	r1, .L207+8
 3215 0048 2046     		mov	r0, r4
 3216 004a FFF7FEFF 		bl	Df
 3217              	.LVL342:
 3218              	.L198:
 720:Core/Src/ad9518.c ****         }
 3219              		.loc 1 720 17 is_stmt 0 view .LVU762
 3220              	.LBE47:
 695:Core/Src/ad9518.c ****         {
 3221              		.loc 1 695 50 is_stmt 1 discriminator 2 view .LVU763
 3222 004e 0135     		adds	r5, r5, #1
 3223              	.LVL343:
 695:Core/Src/ad9518.c ****         {
 3224              		.loc 1 695 50 is_stmt 0 discriminator 2 view .LVU764
 3225 0050 EDB2     		uxtb	r5, r5
 3226              	.LVL344:
 3227              	.L195:
 695:Core/Src/ad9518.c ****         {
ARM GAS  /var/folders/0g/t37nqzqx51l7sfxbqc44l9hw0000gn/T//ccBBrdod.s 			page 83


 3228              		.loc 1 695 38 is_stmt 1 discriminator 1 view .LVU765
 3229 0052 3F2D     		cmp	r5, #63
 3230 0054 2AD8     		bhi	.L204
 3231              	.LBB48:
 697:Core/Src/ad9518.c **** 
 3232              		.loc 1 697 13 view .LVU766
 3233 0056 2A46     		mov	r2, r5
 3234 0058 1C21     		movs	r1, #28
 3235 005a 2046     		mov	r0, r4
 3236 005c FFF7FEFF 		bl	ad9518_write
 3237              	.LVL345:
 700:Core/Src/ad9518.c ****             ad9518_transfer(d);
 3238              		.loc 1 700 13 view .LVU767
 3239 0060 46F00602 		orr	r2, r6, #6
 3240 0064 1821     		movs	r1, #24
 3241 0066 2046     		mov	r0, r4
 3242 0068 FFF7FEFF 		bl	ad9518_write
 3243              	.LVL346:
 701:Core/Src/ad9518.c ****             ad9518_write(d, AD9518_PLL3, (uint8_t)(bias | cal_base | AD9518_PLL3_VCO_CAL));
 3244              		.loc 1 701 13 view .LVU768
 3245 006c 2046     		mov	r0, r4
 3246 006e FFF7FEFF 		bl	ad9518_transfer
 3247              	.LVL347:
 702:Core/Src/ad9518.c ****             ad9518_transfer(d);
 3248              		.loc 1 702 13 view .LVU769
 3249 0072 46F00702 		orr	r2, r6, #7
 3250 0076 1821     		movs	r1, #24
 3251 0078 2046     		mov	r0, r4
 3252 007a FFF7FEFF 		bl	ad9518_write
 3253              	.LVL348:
 703:Core/Src/ad9518.c **** 
 3254              		.loc 1 703 13 view .LVU770
 3255 007e 2046     		mov	r0, r4
 3256 0080 FFF7FEFF 		bl	ad9518_transfer
 3257              	.LVL349:
 705:Core/Src/ad9518.c **** 
 3258              		.loc 1 705 13 view .LVU771
 705:Core/Src/ad9518.c **** 
 3259              		.loc 1 705 14 is_stmt 0 view .LVU772
 3260 0084 E369     		ldr	r3, [r4, #28]
 705:Core/Src/ad9518.c **** 
 3261              		.loc 1 705 13 view .LVU773
 3262 0086 3846     		mov	r0, r7
 3263 0088 9847     		blx	r3
 3264              	.LVL350:
 707:Core/Src/ad9518.c ****             ad9518_read(d, AD9518_PLL_RB, &st);
 3265              		.loc 1 707 13 is_stmt 1 view .LVU774
 707:Core/Src/ad9518.c ****             ad9518_read(d, AD9518_PLL_RB, &st);
 3266              		.loc 1 707 21 is_stmt 0 view .LVU775
 3267 008a 0023     		movs	r3, #0
 3268 008c 8DF80F30 		strb	r3, [sp, #15]
 708:Core/Src/ad9518.c **** 
 3269              		.loc 1 708 13 is_stmt 1 view .LVU776
 3270 0090 0DF10F02 		add	r2, sp, #15
 3271 0094 1F21     		movs	r1, #31
 3272 0096 2046     		mov	r0, r4
 3273 0098 FFF7FEFF 		bl	ad9518_read
ARM GAS  /var/folders/0g/t37nqzqx51l7sfxbqc44l9hw0000gn/T//ccBBrdod.s 			page 84


 3274              	.LVL351:
 710:Core/Src/ad9518.c ****             {
 3275              		.loc 1 710 13 view .LVU777
 710:Core/Src/ad9518.c ****             {
 3276              		.loc 1 710 20 is_stmt 0 view .LVU778
 3277 009c 9DF80F30 		ldrb	r3, [sp, #15]	@ zero_extendqisi2
 710:Core/Src/ad9518.c ****             {
 3278              		.loc 1 710 16 view .LVU779
 3279 00a0 13F0010F 		tst	r3, #1
 3280 00a4 C1D1     		bne	.L205
 719:Core/Src/ad9518.c ****                 Df(d, "  0x01C=0x%02X bias=%d -> 0x01F=0x%02X\r\n", cfg, offs, st);
 3281              		.loc 1 719 13 is_stmt 1 view .LVU780
 719:Core/Src/ad9518.c ****                 Df(d, "  0x01C=0x%02X bias=%d -> 0x01F=0x%02X\r\n", cfg, offs, st);
 3282              		.loc 1 719 16 is_stmt 0 view .LVU781
 3283 00a6 0E2B     		cmp	r3, #14
 3284 00a8 D1D0     		beq	.L198
 3285 00aa C9E7     		b	.L206
 3286              	.L204:
 719:Core/Src/ad9518.c ****                 Df(d, "  0x01C=0x%02X bias=%d -> 0x01F=0x%02X\r\n", cfg, offs, st);
 3287              		.loc 1 719 16 view .LVU782
 3288              	.LBE48:
 3289              	.LBE50:
 3290              	.LBE51:
 691:Core/Src/ad9518.c ****     {
 3291              		.loc 1 691 38 is_stmt 1 discriminator 2 view .LVU783
 3292 00ac 08F10108 		add	r8, r8, #1
 3293              	.LVL352:
 691:Core/Src/ad9518.c ****     {
 3294              		.loc 1 691 38 is_stmt 0 discriminator 2 view .LVU784
 3295 00b0 B0E7     		b	.L193
 3296              	.LVL353:
 3297              	.L203:
 691:Core/Src/ad9518.c ****     {
 3298              		.loc 1 691 38 discriminator 2 view .LVU785
 3299              	.LBE52:
 724:Core/Src/ad9518.c ****     D(d, "  This points upstream of the register map. Verify:\r\n");
 3300              		.loc 1 724 5 is_stmt 1 view .LVU786
 3301 00b2 0E49     		ldr	r1, .L207+12
 3302 00b4 2046     		mov	r0, r4
 3303 00b6 FFF7FEFF 		bl	D
 3304              	.LVL354:
 725:Core/Src/ad9518.c ****     D(d, "    - 25 MHz actually present at the REFIN pin\r\n");
 3305              		.loc 1 725 5 view .LVU787
 3306 00ba 0D49     		ldr	r1, .L207+16
 3307 00bc 2046     		mov	r0, r4
 3308 00be FFF7FEFF 		bl	D
 3309              	.LVL355:
 726:Core/Src/ad9518.c ****     D(d, "    - REF_SEL pin low (it has a 30k pull-down; high selects REF2)\r\n");
 3310              		.loc 1 726 5 view .LVU788
 3311 00c2 0C49     		ldr	r1, .L207+20
 3312 00c4 2046     		mov	r0, r4
 3313 00c6 FFF7FEFF 		bl	D
 3314              	.LVL356:
 727:Core/Src/ad9518.c ****     D(d, "    - loop filter components populated between CP and VCO tune\r\n");
 3315              		.loc 1 727 5 view .LVU789
 3316 00ca 0B49     		ldr	r1, .L207+24
 3317 00cc 2046     		mov	r0, r4
ARM GAS  /var/folders/0g/t37nqzqx51l7sfxbqc44l9hw0000gn/T//ccBBrdod.s 			page 85


 3318 00ce FFF7FEFF 		bl	D
 3319              	.LVL357:
 728:Core/Src/ad9518.c ****     return -1;
 3320              		.loc 1 728 5 view .LVU790
 3321 00d2 0A49     		ldr	r1, .L207+28
 3322 00d4 2046     		mov	r0, r4
 3323 00d6 FFF7FEFF 		bl	D
 3324              	.LVL358:
 729:Core/Src/ad9518.c **** }
 3325              		.loc 1 729 5 view .LVU791
 729:Core/Src/ad9518.c **** }
 3326              		.loc 1 729 12 is_stmt 0 view .LVU792
 3327 00da 4FF0FF30 		mov	r0, #-1
 3328 00de ACE7     		b	.L192
 3329              	.L208:
 3330              		.align	2
 3331              	.L207:
 3332 00e0 00000000 		.word	.LC50
 3333 00e4 3C000000 		.word	.LC51
 3334 00e8 78000000 		.word	.LC52
 3335 00ec A4000000 		.word	.LC53
 3336 00f0 DC000000 		.word	.LC54
 3337 00f4 14010000 		.word	.LC55
 3338 00f8 48010000 		.word	.LC56
 3339 00fc 8C010000 		.word	.LC57
 3340              		.cfi_endproc
 3341              	.LFE23:
 3343              		.section	.text.ad9518_output_enable,"ax",%progbits
 3344              		.align	1
 3345              		.global	ad9518_output_enable
 3346              		.syntax unified
 3347              		.thumb
 3348              		.thumb_func
 3350              	ad9518_output_enable:
 3351              	.LVL359:
 3352              	.LFB24:
 731:Core/Src/ad9518.c **** 
 732:Core/Src/ad9518.c **** /*
 733:Core/Src/ad9518.c ****  * Enable or disable a single LVPECL output at runtime (OUT0..OUT5).
 734:Core/Src/ad9518.c ****  * Commits immediately. Returns 0 on success.
 735:Core/Src/ad9518.c ****  */
 736:Core/Src/ad9518.c **** int ad9518_output_enable(ad9518_dev_t *d, uint8_t out, int on)
 737:Core/Src/ad9518.c **** {
 3353              		.loc 1 737 1 is_stmt 1 view -0
 3354              		.cfi_startproc
 3355              		@ args = 0, pretend = 0, frame = 0
 3356              		@ frame_needed = 0, uses_anonymous_args = 0
 738:Core/Src/ad9518.c ****     if (out >= AD9518_NUM_OUTPUTS)
 3357              		.loc 1 738 5 view .LVU794
 3358              		.loc 1 738 8 is_stmt 0 view .LVU795
 3359 0000 0529     		cmp	r1, #5
 3360 0002 0FD8     		bhi	.L212
 737:Core/Src/ad9518.c ****     if (out >= AD9518_NUM_OUTPUTS)
 3361              		.loc 1 737 1 view .LVU796
 3362 0004 10B5     		push	{r4, lr}
 3363              	.LCFI45:
 3364              		.cfi_def_cfa_offset 8
ARM GAS  /var/folders/0g/t37nqzqx51l7sfxbqc44l9hw0000gn/T//ccBBrdod.s 			page 86


 3365              		.cfi_offset 4, -8
 3366              		.cfi_offset 14, -4
 3367 0006 0446     		mov	r4, r0
 739:Core/Src/ad9518.c ****         return -1;
 740:Core/Src/ad9518.c ****     int r = ad9518_write(d, AD9518_OUT_LVPECL(out), on ? 0x08 : 0x0B);
 3368              		.loc 1 740 5 is_stmt 1 view .LVU797
 3369              		.loc 1 740 13 is_stmt 0 view .LVU798
 3370 0008 F031     		adds	r1, r1, #240
 3371              	.LVL360:
 3372              		.loc 1 740 13 view .LVU799
 3373 000a 4AB1     		cbz	r2, .L213
 3374              		.loc 1 740 13 discriminator 1 view .LVU800
 3375 000c 0822     		movs	r2, #8
 3376              	.LVL361:
 3377              	.L211:
 3378              		.loc 1 740 13 discriminator 4 view .LVU801
 3379 000e 2046     		mov	r0, r4
 3380              	.LVL362:
 3381              		.loc 1 740 13 discriminator 4 view .LVU802
 3382 0010 FFF7FEFF 		bl	ad9518_write
 3383              	.LVL363:
 741:Core/Src/ad9518.c ****     if (r < 0)
 3384              		.loc 1 741 5 is_stmt 1 view .LVU803
 3385              		.loc 1 741 8 is_stmt 0 view .LVU804
 3386 0014 0028     		cmp	r0, #0
 3387              		.loc 1 741 8 view .LVU805
 3388 0016 02DB     		blt	.L209
 742:Core/Src/ad9518.c ****         return r;
 743:Core/Src/ad9518.c ****     return ad9518_transfer(d);
 3389              		.loc 1 743 5 is_stmt 1 view .LVU806
 3390              		.loc 1 743 12 is_stmt 0 view .LVU807
 3391 0018 2046     		mov	r0, r4
 3392              	.LVL364:
 3393              		.loc 1 743 12 view .LVU808
 3394 001a FFF7FEFF 		bl	ad9518_transfer
 3395              	.LVL365:
 3396              	.L209:
 744:Core/Src/ad9518.c **** }
 3397              		.loc 1 744 1 view .LVU809
 3398 001e 10BD     		pop	{r4, pc}
 3399              	.LVL366:
 3400              	.L213:
 740:Core/Src/ad9518.c ****     if (r < 0)
 3401              		.loc 1 740 13 discriminator 2 view .LVU810
 3402 0020 0B22     		movs	r2, #11
 3403              	.LVL367:
 740:Core/Src/ad9518.c ****     if (r < 0)
 3404              		.loc 1 740 13 discriminator 2 view .LVU811
 3405 0022 F4E7     		b	.L211
 3406              	.LVL368:
 3407              	.L212:
 3408              	.LCFI46:
 3409              		.cfi_def_cfa_offset 0
 3410              		.cfi_restore 4
 3411              		.cfi_restore 14
 739:Core/Src/ad9518.c ****     int r = ad9518_write(d, AD9518_OUT_LVPECL(out), on ? 0x08 : 0x0B);
 3412              		.loc 1 739 16 view .LVU812
ARM GAS  /var/folders/0g/t37nqzqx51l7sfxbqc44l9hw0000gn/T//ccBBrdod.s 			page 87


 3413 0024 4FF0FF30 		mov	r0, #-1
 3414              	.LVL369:
 3415              		.loc 1 744 1 view .LVU813
 3416 0028 7047     		bx	lr
 3417              		.cfi_endproc
 3418              	.LFE24:
 3420              		.section	.rodata.ad9518_locked.str1.4,"aMS",%progbits,1
 3421              		.align	2
 3422              	.LC58:
 3423 0000 4C4F434B 		.ascii	"LOCKED\000"
 3423      454400
 3424 0007 00       		.align	2
 3425              	.LC59:
 3426 0008 756E6C6F 		.ascii	"unlocked\000"
 3426      636B6564 
 3426      00
 3427 0011 000000   		.align	2
 3428              	.LC60:
 3429 0014 504C4C5F 		.ascii	"PLL_RB = 0x%02X - no valid readback\015\012\000"
 3429      5242203D 
 3429      20307825 
 3429      30325820 
 3429      2D206E6F 
 3430 003a 0000     		.align	2
 3431              	.LC61:
 3432 003c 504C4C5F 		.ascii	"PLL_RB = 0x%02X -> %s\015\012\000"
 3432      5242203D 
 3432      20307825 
 3432      30325820 
 3432      2D3E2025 
 3433              		.section	.text.ad9518_locked,"ax",%progbits
 3434              		.align	1
 3435              		.global	ad9518_locked
 3436              		.syntax unified
 3437              		.thumb
 3438              		.thumb_func
 3440              	ad9518_locked:
 3441              	.LVL370:
 3442              	.LFB25:
 745:Core/Src/ad9518.c **** 
 746:Core/Src/ad9518.c **** int ad9518_locked(ad9518_dev_t *d)
 747:Core/Src/ad9518.c **** {
 3443              		.loc 1 747 1 is_stmt 1 view -0
 3444              		.cfi_startproc
 3445              		@ args = 0, pretend = 0, frame = 8
 3446              		@ frame_needed = 0, uses_anonymous_args = 0
 3447              		.loc 1 747 1 is_stmt 0 view .LVU815
 3448 0000 30B5     		push	{r4, r5, lr}
 3449              	.LCFI47:
 3450              		.cfi_def_cfa_offset 12
 3451              		.cfi_offset 4, -12
 3452              		.cfi_offset 5, -8
 3453              		.cfi_offset 14, -4
 3454 0002 83B0     		sub	sp, sp, #12
 3455              	.LCFI48:
 3456              		.cfi_def_cfa_offset 24
 3457 0004 0446     		mov	r4, r0
ARM GAS  /var/folders/0g/t37nqzqx51l7sfxbqc44l9hw0000gn/T//ccBBrdod.s 			page 88


 748:Core/Src/ad9518.c ****     uint8_t st = 0;
 3458              		.loc 1 748 5 is_stmt 1 view .LVU816
 3459              		.loc 1 748 13 is_stmt 0 view .LVU817
 3460 0006 0023     		movs	r3, #0
 3461 0008 8DF80730 		strb	r3, [sp, #7]
 749:Core/Src/ad9518.c ****     if (ad9518_read(d, AD9518_PLL_RB, &st) < 0)
 3462              		.loc 1 749 5 is_stmt 1 view .LVU818
 3463              		.loc 1 749 9 is_stmt 0 view .LVU819
 3464 000c 0DF10702 		add	r2, sp, #7
 3465 0010 1F21     		movs	r1, #31
 3466 0012 FFF7FEFF 		bl	ad9518_read
 3467              	.LVL371:
 3468              		.loc 1 749 8 discriminator 1 view .LVU820
 3469 0016 0028     		cmp	r0, #0
 3470 0018 19DB     		blt	.L222
 750:Core/Src/ad9518.c ****         return -1;
 751:Core/Src/ad9518.c **** 
 752:Core/Src/ad9518.c ****     /* An unresponsive or floating bus reads as all ones or all zeros.
 753:Core/Src/ad9518.c ****      * Neither is a credible status byte, so do not call it a lock. */
 754:Core/Src/ad9518.c ****     if (st == 0xFF || st == 0x00)
 3471              		.loc 1 754 5 is_stmt 1 view .LVU821
 3472              		.loc 1 754 20 is_stmt 0 view .LVU822
 3473 001a 9DF80720 		ldrb	r2, [sp, #7]	@ zero_extendqisi2
 3474 001e 531E     		subs	r3, r2, #1
 3475 0020 DBB2     		uxtb	r3, r3
 3476              		.loc 1 754 8 view .LVU823
 3477 0022 FD2B     		cmp	r3, #253
 3478 0024 0AD8     		bhi	.L225
 755:Core/Src/ad9518.c ****     {
 756:Core/Src/ad9518.c ****         Df(d, "PLL_RB = 0x%02X - no valid readback\r\n", st);
 757:Core/Src/ad9518.c ****         return -2;
 758:Core/Src/ad9518.c ****     }
 759:Core/Src/ad9518.c **** 
 760:Core/Src/ad9518.c ****     int locked = (st & 0x01) ? 1 : 0;
 3479              		.loc 1 760 5 is_stmt 1 view .LVU824
 3480              	.LVL372:
 761:Core/Src/ad9518.c ****     Df(d, "PLL_RB = 0x%02X -> %s\r\n", st, locked ? "LOCKED" : "unlocked");
 3481              		.loc 1 761 5 view .LVU825
 3482 0026 12F00105 		ands	r5, r2, #1
 3483              	.LVL373:
 3484              		.loc 1 761 5 is_stmt 0 view .LVU826
 3485 002a 0ED0     		beq	.L223
 3486              		.loc 1 761 5 discriminator 1 view .LVU827
 3487 002c 094B     		ldr	r3, .L226
 3488              	.L221:
 3489              		.loc 1 761 5 discriminator 4 view .LVU828
 3490 002e 0A49     		ldr	r1, .L226+4
 3491 0030 2046     		mov	r0, r4
 3492 0032 FFF7FEFF 		bl	Df
 3493              	.LVL374:
 762:Core/Src/ad9518.c ****     return locked;
 3494              		.loc 1 762 5 is_stmt 1 view .LVU829
 3495              	.L218:
 763:Core/Src/ad9518.c **** }
 3496              		.loc 1 763 1 is_stmt 0 view .LVU830
 3497 0036 2846     		mov	r0, r5
 3498 0038 03B0     		add	sp, sp, #12
ARM GAS  /var/folders/0g/t37nqzqx51l7sfxbqc44l9hw0000gn/T//ccBBrdod.s 			page 89


 3499              	.LCFI49:
 3500              		.cfi_remember_state
 3501              		.cfi_def_cfa_offset 12
 3502              		@ sp needed
 3503 003a 30BD     		pop	{r4, r5, pc}
 3504              	.LVL375:
 3505              	.L225:
 3506              	.LCFI50:
 3507              		.cfi_restore_state
 756:Core/Src/ad9518.c ****         return -2;
 3508              		.loc 1 756 9 is_stmt 1 view .LVU831
 3509 003c 0749     		ldr	r1, .L226+8
 3510 003e 2046     		mov	r0, r4
 3511 0040 FFF7FEFF 		bl	Df
 3512              	.LVL376:
 757:Core/Src/ad9518.c ****     }
 3513              		.loc 1 757 9 view .LVU832
 757:Core/Src/ad9518.c ****     }
 3514              		.loc 1 757 16 is_stmt 0 view .LVU833
 3515 0044 6FF00105 		mvn	r5, #1
 3516 0048 F5E7     		b	.L218
 3517              	.LVL377:
 3518              	.L223:
 761:Core/Src/ad9518.c ****     return locked;
 3519              		.loc 1 761 5 discriminator 2 view .LVU834
 3520 004a 054B     		ldr	r3, .L226+12
 3521 004c EFE7     		b	.L221
 3522              	.LVL378:
 3523              	.L222:
 750:Core/Src/ad9518.c **** 
 3524              		.loc 1 750 16 view .LVU835
 3525 004e 4FF0FF35 		mov	r5, #-1
 3526 0052 F0E7     		b	.L218
 3527              	.L227:
 3528              		.align	2
 3529              	.L226:
 3530 0054 00000000 		.word	.LC58
 3531 0058 3C000000 		.word	.LC61
 3532 005c 14000000 		.word	.LC60
 3533 0060 08000000 		.word	.LC59
 3534              		.cfi_endproc
 3535              	.LFE25:
 3537              		.section	.rodata.ad9518_dump.str1.4,"aMS",%progbits,1
 3538              		.align	2
 3539              	.LC62:
 3540 0000 5B64756D 		.ascii	"[dump]\015\012\000"
 3540      705D0D0A 
 3540      00
 3541 0009 000000   		.align	2
 3542              	.LC63:
 3543 000c 20203078 		.ascii	"  0x%03X = 0x%02X\015\012\000"
 3543      25303358 
 3543      203D2030 
 3543      78253032 
 3543      580D0A00 
 3544              		.section	.text.ad9518_dump,"ax",%progbits
 3545              		.align	1
ARM GAS  /var/folders/0g/t37nqzqx51l7sfxbqc44l9hw0000gn/T//ccBBrdod.s 			page 90


 3546              		.global	ad9518_dump
 3547              		.syntax unified
 3548              		.thumb
 3549              		.thumb_func
 3551              	ad9518_dump:
 3552              	.LVL379:
 3553              	.LFB26:
 764:Core/Src/ad9518.c **** 
 765:Core/Src/ad9518.c **** void ad9518_dump(ad9518_dev_t *d)
 766:Core/Src/ad9518.c **** {
 3554              		.loc 1 766 1 is_stmt 1 view -0
 3555              		.cfi_startproc
 3556              		@ args = 0, pretend = 0, frame = 8
 3557              		@ frame_needed = 0, uses_anonymous_args = 0
 3558              		.loc 1 766 1 is_stmt 0 view .LVU837
 3559 0000 70B5     		push	{r4, r5, r6, lr}
 3560              	.LCFI51:
 3561              		.cfi_def_cfa_offset 16
 3562              		.cfi_offset 4, -16
 3563              		.cfi_offset 5, -12
 3564              		.cfi_offset 6, -8
 3565              		.cfi_offset 14, -4
 3566 0002 82B0     		sub	sp, sp, #8
 3567              	.LCFI52:
 3568              		.cfi_def_cfa_offset 24
 3569 0004 0646     		mov	r6, r0
 767:Core/Src/ad9518.c ****     static const uint16_t regs[] = {
 3570              		.loc 1 767 5 is_stmt 1 view .LVU838
 768:Core/Src/ad9518.c ****         AD9518_SERCONF,
 769:Core/Src/ad9518.c ****         AD9518_PARTID,
 770:Core/Src/ad9518.c ****         AD9518_PFD_CP,
 771:Core/Src/ad9518.c ****         AD9518_RCNT_L,
 772:Core/Src/ad9518.c ****         AD9518_RCNT_H,
 773:Core/Src/ad9518.c ****         AD9518_ACNT,
 774:Core/Src/ad9518.c ****         AD9518_BCNT_L,
 775:Core/Src/ad9518.c ****         AD9518_BCNT_H,
 776:Core/Src/ad9518.c ****         AD9518_PLL1,
 777:Core/Src/ad9518.c ****         AD9518_PLL3,
 778:Core/Src/ad9518.c ****         AD9518_PLL6,
 779:Core/Src/ad9518.c ****         AD9518_PLL7,
 780:Core/Src/ad9518.c ****         AD9518_PLL8,
 781:Core/Src/ad9518.c ****         AD9518_PLL_RB,
 782:Core/Src/ad9518.c ****         AD9518_OUT_LVPECL(0),
 783:Core/Src/ad9518.c ****         AD9518_OUT_LVPECL(1),
 784:Core/Src/ad9518.c ****         AD9518_OUT_LVPECL(2),
 785:Core/Src/ad9518.c ****         AD9518_OUT_LVPECL(3),
 786:Core/Src/ad9518.c ****         AD9518_PECLDIV_1(0),
 787:Core/Src/ad9518.c ****         AD9518_PECLDIV_2(0),
 788:Core/Src/ad9518.c ****         AD9518_PECLDIV_3(0),
 789:Core/Src/ad9518.c ****         AD9518_PECLDIV_1(1),
 790:Core/Src/ad9518.c ****         AD9518_PECLDIV_2(1),
 791:Core/Src/ad9518.c ****         AD9518_PECLDIV_3(1),
 792:Core/Src/ad9518.c ****         AD9518_VCO_DIVIDER,
 793:Core/Src/ad9518.c ****         AD9518_INPUT_CLKS,
 794:Core/Src/ad9518.c ****         AD9518_POWDOWN_SYNC,
 795:Core/Src/ad9518.c ****     };
 796:Core/Src/ad9518.c **** 
ARM GAS  /var/folders/0g/t37nqzqx51l7sfxbqc44l9hw0000gn/T//ccBBrdod.s 			page 91


 797:Core/Src/ad9518.c ****     D(d, "[dump]\r\n");
 3571              		.loc 1 797 5 view .LVU839
 3572 0006 0E49     		ldr	r1, .L232
 3573 0008 FFF7FEFF 		bl	D
 3574              	.LVL380:
 798:Core/Src/ad9518.c ****     for (unsigned i = 0; i < sizeof(regs) / sizeof(regs[0]); i++)
 3575              		.loc 1 798 5 view .LVU840
 3576              	.LBB53:
 3577              		.loc 1 798 10 view .LVU841
 3578              		.loc 1 798 19 is_stmt 0 view .LVU842
 3579 000c 0024     		movs	r4, #0
 3580              		.loc 1 798 5 view .LVU843
 3581 000e 13E0     		b	.L229
 3582              	.LVL381:
 3583              	.L230:
 3584              	.LBB54:
 799:Core/Src/ad9518.c ****     {
 800:Core/Src/ad9518.c ****         uint8_t v = 0;
 3585              		.loc 1 800 9 is_stmt 1 view .LVU844
 3586              		.loc 1 800 17 is_stmt 0 view .LVU845
 3587 0010 0023     		movs	r3, #0
 3588 0012 8DF80730 		strb	r3, [sp, #7]
 801:Core/Src/ad9518.c ****         ad9518_read(d, regs[i], &v);
 3589              		.loc 1 801 9 is_stmt 1 view .LVU846
 3590              		.loc 1 801 28 is_stmt 0 view .LVU847
 3591 0016 0B4B     		ldr	r3, .L232+4
 3592 0018 33F81450 		ldrh	r5, [r3, r4, lsl #1]
 3593              		.loc 1 801 9 view .LVU848
 3594 001c 0DF10702 		add	r2, sp, #7
 3595 0020 2946     		mov	r1, r5
 3596 0022 3046     		mov	r0, r6
 3597 0024 FFF7FEFF 		bl	ad9518_read
 3598              	.LVL382:
 802:Core/Src/ad9518.c ****         Df(d, "  0x%03X = 0x%02X\r\n", regs[i], v);
 3599              		.loc 1 802 9 is_stmt 1 view .LVU849
 3600 0028 9DF80730 		ldrb	r3, [sp, #7]	@ zero_extendqisi2
 3601 002c 2A46     		mov	r2, r5
 3602 002e 0649     		ldr	r1, .L232+8
 3603 0030 3046     		mov	r0, r6
 3604 0032 FFF7FEFF 		bl	Df
 3605              	.LVL383:
 3606              	.LBE54:
 798:Core/Src/ad9518.c ****     {
 3607              		.loc 1 798 63 discriminator 3 view .LVU850
 3608 0036 0134     		adds	r4, r4, #1
 3609              	.LVL384:
 3610              	.L229:
 798:Core/Src/ad9518.c ****     {
 3611              		.loc 1 798 28 discriminator 1 view .LVU851
 3612 0038 1A2C     		cmp	r4, #26
 3613 003a E9D9     		bls	.L230
 3614              	.LBE53:
 803:Core/Src/ad9518.c ****     }
 804:Core/Src/ad9518.c **** }...
 3615              		.loc 1 804 1 is_stmt 0 view .LVU852
 3616 003c 02B0     		add	sp, sp, #8
 3617              	.LCFI53:
ARM GAS  /var/folders/0g/t37nqzqx51l7sfxbqc44l9hw0000gn/T//ccBBrdod.s 			page 92


 3618              		.cfi_def_cfa_offset 16
 3619              		@ sp needed
 3620 003e 70BD     		pop	{r4, r5, r6, pc}
 3621              	.LVL385:
 3622              	.L233:
 3623              		.loc 1 804 1 view .LVU853
 3624              		.align	2
 3625              	.L232:
 3626 0040 00000000 		.word	.LC62
 3627 0044 00000000 		.word	regs.0
 3628 0048 0C000000 		.word	.LC63
 3629              		.cfi_endproc
 3630              	.LFE26:
 3632              		.section	.rodata.regs.0,"a"
 3633              		.align	2
 3636              	regs.0:
 3637 0000 0000     		.short	0
 3638 0002 0300     		.short	3
 3639 0004 1000     		.short	16
 3640 0006 1100     		.short	17
 3641 0008 1200     		.short	18
 3642 000a 1300     		.short	19
 3643 000c 1400     		.short	20
 3644 000e 1500     		.short	21
 3645 0010 1600     		.short	22
 3646 0012 1800     		.short	24
 3647 0014 1B00     		.short	27
 3648 0016 1C00     		.short	28
 3649 0018 1D00     		.short	29
 3650 001a 1F00     		.short	31
 3651 001c F000     		.short	240
 3652 001e F100     		.short	241
 3653 0020 F200     		.short	242
 3654 0022 F300     		.short	243
 3655 0024 9001     		.short	400
 3656 0026 9101     		.short	401
 3657 0028 9201     		.short	402
 3658 002a 9301     		.short	403
 3659 002c 9401     		.short	404
 3660 002e 9501     		.short	405
 3661 0030 E001     		.short	480
 3662 0032 E101     		.short	481
 3663 0034 3002     		.short	560
 3664              		.section	.rodata.patterns.1,"a"
 3665              		.align	2
 3668              	patterns.1:
 3669 0000 00A55AFF 		.ascii	"\000\245Z\377\000"
 3669      00
 3670              		.section	.rodata.str1.4,"aMS",%progbits,1
 3671              		.align	2
 3672              	.LC64:
 3673 0000 53434C4B 		.ascii	"SCLK high\000"
 3673      20686967 
 3673      6800
 3674 000a 0000     		.align	2
 3675              	.LC65:
 3676 000c 53434C4B 		.ascii	"SCLK low \000"
ARM GAS  /var/folders/0g/t37nqzqx51l7sfxbqc44l9hw0000gn/T//ccBBrdod.s 			page 93


 3676      206C6F77 
 3676      2000
 3677              		.section	.rodata.sample_name.2,"a"
 3678              		.align	2
 3681              	sample_name.2:
 3682 0000 00000000 		.word	.LC64
 3683 0004 0C000000 		.word	.LC65
 3684              		.section	.rodata.str1.4
 3685 0016 0000     		.align	2
 3686              	.LC66:
 3687 0018 332D7769 		.ascii	"3-wire\000"
 3687      726500
 3688 001f 00       		.align	2
 3689              	.LC67:
 3690 0020 342D7769 		.ascii	"4-wire\000"
 3690      726500
 3691              		.section	.rodata.wire_name.3,"a"
 3692              		.align	2
 3695              	wire_name.3:
 3696 0000 18000000 		.word	.LC66
 3697 0004 20000000 		.word	.LC67
 3698              		.section	.rodata.str1.4
 3699 0027 00       		.align	2
 3700              	.LC68:
 3701 0028 6C6F6E67 		.ascii	"long instr \000"
 3701      20696E73 
 3701      74722000 
 3702              		.align	2
 3703              	.LC69:
 3704 0034 73686F72 		.ascii	"short instr\000"
 3704      7420696E 
 3704      73747200 
 3705              		.section	.rodata.instr_name.4,"a"
 3706              		.align	2
 3709              	instr_name.4:
 3710 0000 28000000 		.word	.LC68
 3711 0004 34000000 		.word	.LC69
 3712              		.section	.rodata.to_prescaler,"a"
 3713              		.align	2
 3716              	to_prescaler:
 3717 0000 81820204 		.ascii	"\201\202\002\004\010\020 \203"
 3717      08102083 
 3718              		.text
 3719              	.Letext0:
 3720              		.file 2 "/Applications/ArmGNUToolchain/14.3.rel1/arm-none-eabi/arm-none-eabi/include/machine/_defa
 3721              		.file 3 "/Applications/ArmGNUToolchain/14.3.rel1/arm-none-eabi/arm-none-eabi/include/sys/_stdint.h
 3722              		.file 4 "Core/Inc/ad9518.h"
 3723              		.file 5 "/Applications/ArmGNUToolchain/14.3.rel1/arm-none-eabi/lib/gcc/arm-none-eabi/14.3.1/includ
 3724              		.file 6 "/Applications/ArmGNUToolchain/14.3.rel1/arm-none-eabi/arm-none-eabi/include/stdio.h"
 3725              		.file 7 "<built-in>"
ARM GAS  /var/folders/0g/t37nqzqx51l7sfxbqc44l9hw0000gn/T//ccBBrdod.s 			page 94


DEFINED SYMBOLS
                            *ABS*:00000000 ad9518.c
/var/folders/0g/t37nqzqx51l7sfxbqc44l9hw0000gn/T//ccBBrdod.s:19     .text.D:00000000 $t
/var/folders/0g/t37nqzqx51l7sfxbqc44l9hw0000gn/T//ccBBrdod.s:24     .text.D:00000000 D
/var/folders/0g/t37nqzqx51l7sfxbqc44l9hw0000gn/T//ccBBrdod.s:55     .text.shift_out:00000000 $t
/var/folders/0g/t37nqzqx51l7sfxbqc44l9hw0000gn/T//ccBBrdod.s:60     .text.shift_out:00000000 shift_out
/var/folders/0g/t37nqzqx51l7sfxbqc44l9hw0000gn/T//ccBBrdod.s:137    .text.shift_in:00000000 $t
/var/folders/0g/t37nqzqx51l7sfxbqc44l9hw0000gn/T//ccBBrdod.s:142    .text.shift_in:00000000 shift_in
/var/folders/0g/t37nqzqx51l7sfxbqc44l9hw0000gn/T//ccBBrdod.s:313    .text.shift_instr:00000000 $t
/var/folders/0g/t37nqzqx51l7sfxbqc44l9hw0000gn/T//ccBBrdod.s:318    .text.shift_instr:00000000 shift_instr
/var/folders/0g/t37nqzqx51l7sfxbqc44l9hw0000gn/T//ccBBrdod.s:411    .text.read_parked:00000000 $t
/var/folders/0g/t37nqzqx51l7sfxbqc44l9hw0000gn/T//ccBBrdod.s:416    .text.read_parked:00000000 read_parked
/var/folders/0g/t37nqzqx51l7sfxbqc44l9hw0000gn/T//ccBBrdod.s:552    .text.div_hi_lo:00000000 $t
/var/folders/0g/t37nqzqx51l7sfxbqc44l9hw0000gn/T//ccBBrdod.s:557    .text.div_hi_lo:00000000 div_hi_lo
/var/folders/0g/t37nqzqx51l7sfxbqc44l9hw0000gn/T//ccBBrdod.s:592    .text.Df:00000000 $t
/var/folders/0g/t37nqzqx51l7sfxbqc44l9hw0000gn/T//ccBBrdod.s:597    .text.Df:00000000 Df
/var/folders/0g/t37nqzqx51l7sfxbqc44l9hw0000gn/T//ccBBrdod.s:671    .text.ad9518_write:00000000 $t
/var/folders/0g/t37nqzqx51l7sfxbqc44l9hw0000gn/T//ccBBrdod.s:677    .text.ad9518_write:00000000 ad9518_write
/var/folders/0g/t37nqzqx51l7sfxbqc44l9hw0000gn/T//ccBBrdod.s:763    .text.set_chan_divider:00000000 $t
/var/folders/0g/t37nqzqx51l7sfxbqc44l9hw0000gn/T//ccBBrdod.s:768    .text.set_chan_divider:00000000 set_chan_divider
/var/folders/0g/t37nqzqx51l7sfxbqc44l9hw0000gn/T//ccBBrdod.s:843    .text.ad9518_read:00000000 $t
/var/folders/0g/t37nqzqx51l7sfxbqc44l9hw0000gn/T//ccBBrdod.s:849    .text.ad9518_read:00000000 ad9518_read
/var/folders/0g/t37nqzqx51l7sfxbqc44l9hw0000gn/T//ccBBrdod.s:873    .text.ad9518_transfer:00000000 $t
/var/folders/0g/t37nqzqx51l7sfxbqc44l9hw0000gn/T//ccBBrdod.s:879    .text.ad9518_transfer:00000000 ad9518_transfer
/var/folders/0g/t37nqzqx51l7sfxbqc44l9hw0000gn/T//ccBBrdod.s:904    .text.ad9518_part_id_valid:00000000 $t
/var/folders/0g/t37nqzqx51l7sfxbqc44l9hw0000gn/T//ccBBrdod.s:910    .text.ad9518_part_id_valid:00000000 ad9518_part_id_valid
/var/folders/0g/t37nqzqx51l7sfxbqc44l9hw0000gn/T//ccBBrdod.s:1074   .text.ad9518_part_id_valid:0000008c $d
/var/folders/0g/t37nqzqx51l7sfxbqc44l9hw0000gn/T//ccBBrdod.s:1079   .text.ad9518_soft_reset:00000000 $t
/var/folders/0g/t37nqzqx51l7sfxbqc44l9hw0000gn/T//ccBBrdod.s:1085   .text.ad9518_soft_reset:00000000 ad9518_soft_reset
/var/folders/0g/t37nqzqx51l7sfxbqc44l9hw0000gn/T//ccBBrdod.s:1160   .text.ad9518_part_id:00000000 $t
/var/folders/0g/t37nqzqx51l7sfxbqc44l9hw0000gn/T//ccBBrdod.s:1166   .text.ad9518_part_id:00000000 ad9518_part_id
/var/folders/0g/t37nqzqx51l7sfxbqc44l9hw0000gn/T//ccBBrdod.s:1193   .rodata.ad9518_bus_autoprobe.str1.4:00000000 $d
/var/folders/0g/t37nqzqx51l7sfxbqc44l9hw0000gn/T//ccBBrdod.s:1212   .text.ad9518_bus_autoprobe:00000000 $t
/var/folders/0g/t37nqzqx51l7sfxbqc44l9hw0000gn/T//ccBBrdod.s:1218   .text.ad9518_bus_autoprobe:00000000 ad9518_bus_autoprobe
/var/folders/0g/t37nqzqx51l7sfxbqc44l9hw0000gn/T//ccBBrdod.s:1410   .text.ad9518_bus_autoprobe:000000d4 $d
/var/folders/0g/t37nqzqx51l7sfxbqc44l9hw0000gn/T//ccBBrdod.s:3709   .rodata.instr_name.4:00000000 instr_name.4
/var/folders/0g/t37nqzqx51l7sfxbqc44l9hw0000gn/T//ccBBrdod.s:3695   .rodata.wire_name.3:00000000 wire_name.3
/var/folders/0g/t37nqzqx51l7sfxbqc44l9hw0000gn/T//ccBBrdod.s:3681   .rodata.sample_name.2:00000000 sample_name.2
/var/folders/0g/t37nqzqx51l7sfxbqc44l9hw0000gn/T//ccBBrdod.s:1423   .rodata.ad9518_bus_diagnose.str1.4:00000000 $d
/var/folders/0g/t37nqzqx51l7sfxbqc44l9hw0000gn/T//ccBBrdod.s:1544   .text.ad9518_bus_diagnose:00000000 $t
/var/folders/0g/t37nqzqx51l7sfxbqc44l9hw0000gn/T//ccBBrdod.s:1550   .text.ad9518_bus_diagnose:00000000 ad9518_bus_diagnose
/var/folders/0g/t37nqzqx51l7sfxbqc44l9hw0000gn/T//ccBBrdod.s:1866   .text.ad9518_bus_diagnose:00000190 $d
/var/folders/0g/t37nqzqx51l7sfxbqc44l9hw0000gn/T//ccBBrdod.s:1902   .rodata.ad9518_bus_selftest.str1.4:00000000 $d
/var/folders/0g/t37nqzqx51l7sfxbqc44l9hw0000gn/T//ccBBrdod.s:1922   .text.ad9518_bus_selftest:00000000 $t
/var/folders/0g/t37nqzqx51l7sfxbqc44l9hw0000gn/T//ccBBrdod.s:1928   .text.ad9518_bus_selftest:00000000 ad9518_bus_selftest
/var/folders/0g/t37nqzqx51l7sfxbqc44l9hw0000gn/T//ccBBrdod.s:2088   .text.ad9518_bus_selftest:00000098 $d
/var/folders/0g/t37nqzqx51l7sfxbqc44l9hw0000gn/T//ccBBrdod.s:3668   .rodata.patterns.1:00000000 patterns.1
/var/folders/0g/t37nqzqx51l7sfxbqc44l9hw0000gn/T//ccBBrdod.s:2099   .text.ad9518_plan:00000000 $t
/var/folders/0g/t37nqzqx51l7sfxbqc44l9hw0000gn/T//ccBBrdod.s:2105   .text.ad9518_plan:00000000 ad9518_plan
/var/folders/0g/t37nqzqx51l7sfxbqc44l9hw0000gn/T//ccBBrdod.s:2568   .text.ad9518_plan:000001d0 $d
/var/folders/0g/t37nqzqx51l7sfxbqc44l9hw0000gn/T//ccBBrdod.s:3716   .rodata.to_prescaler:00000000 to_prescaler
/var/folders/0g/t37nqzqx51l7sfxbqc44l9hw0000gn/T//ccBBrdod.s:2574   .rodata.ad9518_apply.str1.4:00000000 $d
/var/folders/0g/t37nqzqx51l7sfxbqc44l9hw0000gn/T//ccBBrdod.s:2589   .text.ad9518_apply:00000000 $t
/var/folders/0g/t37nqzqx51l7sfxbqc44l9hw0000gn/T//ccBBrdod.s:2595   .text.ad9518_apply:00000000 ad9518_apply
/var/folders/0g/t37nqzqx51l7sfxbqc44l9hw0000gn/T//ccBBrdod.s:2931   .text.ad9518_apply:00000194 $d
/var/folders/0g/t37nqzqx51l7sfxbqc44l9hw0000gn/T//ccBBrdod.s:2941   .rodata.ad9518_set_frequency.str1.4:00000000 $d
/var/folders/0g/t37nqzqx51l7sfxbqc44l9hw0000gn/T//ccBBrdod.s:2950   .text.ad9518_set_frequency:00000000 $t
ARM GAS  /var/folders/0g/t37nqzqx51l7sfxbqc44l9hw0000gn/T//ccBBrdod.s 			page 95


/var/folders/0g/t37nqzqx51l7sfxbqc44l9hw0000gn/T//ccBBrdod.s:2956   .text.ad9518_set_frequency:00000000 ad9518_set_frequency
/var/folders/0g/t37nqzqx51l7sfxbqc44l9hw0000gn/T//ccBBrdod.s:3066   .text.ad9518_set_frequency:00000064 $d
/var/folders/0g/t37nqzqx51l7sfxbqc44l9hw0000gn/T//ccBBrdod.s:3072   .rodata.ad9518_ref_config_sweep.str1.4:00000000 $d
/var/folders/0g/t37nqzqx51l7sfxbqc44l9hw0000gn/T//ccBBrdod.s:3104   .text.ad9518_ref_config_sweep:00000000 $t
/var/folders/0g/t37nqzqx51l7sfxbqc44l9hw0000gn/T//ccBBrdod.s:3110   .text.ad9518_ref_config_sweep:00000000 ad9518_ref_config_sweep
/var/folders/0g/t37nqzqx51l7sfxbqc44l9hw0000gn/T//ccBBrdod.s:3332   .text.ad9518_ref_config_sweep:000000e0 $d
/var/folders/0g/t37nqzqx51l7sfxbqc44l9hw0000gn/T//ccBBrdod.s:3344   .text.ad9518_output_enable:00000000 $t
/var/folders/0g/t37nqzqx51l7sfxbqc44l9hw0000gn/T//ccBBrdod.s:3350   .text.ad9518_output_enable:00000000 ad9518_output_enable
/var/folders/0g/t37nqzqx51l7sfxbqc44l9hw0000gn/T//ccBBrdod.s:3421   .rodata.ad9518_locked.str1.4:00000000 $d
/var/folders/0g/t37nqzqx51l7sfxbqc44l9hw0000gn/T//ccBBrdod.s:3434   .text.ad9518_locked:00000000 $t
/var/folders/0g/t37nqzqx51l7sfxbqc44l9hw0000gn/T//ccBBrdod.s:3440   .text.ad9518_locked:00000000 ad9518_locked
/var/folders/0g/t37nqzqx51l7sfxbqc44l9hw0000gn/T//ccBBrdod.s:3530   .text.ad9518_locked:00000054 $d
/var/folders/0g/t37nqzqx51l7sfxbqc44l9hw0000gn/T//ccBBrdod.s:3538   .rodata.ad9518_dump.str1.4:00000000 $d
/var/folders/0g/t37nqzqx51l7sfxbqc44l9hw0000gn/T//ccBBrdod.s:3545   .text.ad9518_dump:00000000 $t
/var/folders/0g/t37nqzqx51l7sfxbqc44l9hw0000gn/T//ccBBrdod.s:3551   .text.ad9518_dump:00000000 ad9518_dump
/var/folders/0g/t37nqzqx51l7sfxbqc44l9hw0000gn/T//ccBBrdod.s:3626   .text.ad9518_dump:00000040 $d
/var/folders/0g/t37nqzqx51l7sfxbqc44l9hw0000gn/T//ccBBrdod.s:3636   .rodata.regs.0:00000000 regs.0
/var/folders/0g/t37nqzqx51l7sfxbqc44l9hw0000gn/T//ccBBrdod.s:3633   .rodata.regs.0:00000000 $d
/var/folders/0g/t37nqzqx51l7sfxbqc44l9hw0000gn/T//ccBBrdod.s:3665   .rodata.patterns.1:00000000 $d
/var/folders/0g/t37nqzqx51l7sfxbqc44l9hw0000gn/T//ccBBrdod.s:3671   .rodata.str1.4:00000000 $d
/var/folders/0g/t37nqzqx51l7sfxbqc44l9hw0000gn/T//ccBBrdod.s:3678   .rodata.sample_name.2:00000000 $d
/var/folders/0g/t37nqzqx51l7sfxbqc44l9hw0000gn/T//ccBBrdod.s:3692   .rodata.wire_name.3:00000000 $d
/var/folders/0g/t37nqzqx51l7sfxbqc44l9hw0000gn/T//ccBBrdod.s:3706   .rodata.instr_name.4:00000000 $d
/var/folders/0g/t37nqzqx51l7sfxbqc44l9hw0000gn/T//ccBBrdod.s:3713   .rodata.to_prescaler:00000000 $d

UNDEFINED SYMBOLS
vsnprintf
__aeabi_uldivmod
